{"pos_hif": {"K06042": 0.01738157638737883, "K13541": 0.012256149279050041, "K05936": 0.011188159198181924, "K03925": 0.010265640934248175, "K13540": 0.010204471572034161, "K07823": 0.009996440846334869, "K03381": 0.009893193087428127, "K00595": 0.009841989139379332, "K25623": 0.009102525639743548, "K00304": 0.007713941341904379, "K05895": 0.007692830643124915, "K01856": 0.0072556874008011495, "K01040": 0.007233137279439369, "K01039": 0.007049155270232603, "K03586": 0.007018583832379284, "K05550": 0.006958901997069936, "K11729": 0.006842272354660943, "K03464": 0.006766770125548751, "K01968": 0.006196093982353525, "K00302": 0.006060282049421656, "K07068": 0.006046079427524339, "K02229": 0.005906577965807249, "K00305": 0.005870147544361544, "K00446": 0.005806250738128214, "K11730": 0.005749003279313113, "K03392": 0.005726085540560369, "K01031": 0.005689913376758752, "K01640": 0.005557293621991407, "K00372": 0.005536870738121287, "K04118": 0.005321273878330961, "K03438": 0.005306584638270738, "K14727": 0.005293241166839188, "K06446": 0.005144108436093168, "K00303": 0.0049046549917677, "K00448": 0.004757958742406199, "K13766": 0.004629599242110974, "K01032": 0.00456233106602905, "K05549": 0.004488303976461102, "K01969": 0.004294564155420277, "K19658": 0.0042894618675111676, "K08683": 0.004162568474649613, "K25621": 0.004067342170854402, "K26139": 0.004064940964352068, "K07513": 0.004056843823515292, "K13777": 0.004028837998303648, "K01796": 0.004001794192850927, "K05784": 0.003994044383522795, "K05783": 0.003982561271767329, "K22819": 0.003974640962608358, "K12405": 0.003851376193544395, "K01925": 0.0038287983091271406, "K01028": 0.003820193852058267, "K13932": 0.0037920296180729684, "K11731": 0.0037836866350728833, "K18012": 0.0037836866350728833, "K22820": 0.0037248369801815393, "K13933": 0.00372338712274938, "K02624": 0.0037026756110725575, "K07550": 0.0035269494328201557, "K22087": 0.0034943157205702567, "K25622": 0.003488816325353747, "K01029": 0.0034791841699697438, "K18011": 0.0034209782301385357, "K00481": 0.0034151574115651347, "K00151": 0.003412900359465245, "K13931": 0.0033979183561313325, "K03394": 0.0033848703347848313, "K02224": 0.0033367621316297623, "K15577": 0.0032552158976921083, "K01000": 0.0032342339914720416, "K07183": 0.003205963746847452, "K02188": 0.0031639060488614324, "K18290": 0.003149602676126978, "K22084": 0.003134990539570692, "K12508": 0.0030785662677096097, "K00253": 0.0030745459486288063, "K01692": 0.002929739747515927, "K11475": 0.002921831940331845, "K22086": 0.002911062643887071, "K09699": 0.0028921067128354454, "K00167": 0.0028457843121432683, "K02189": 0.0028376777945849606, "K07514": 0.002817471847293026, "K22085": 0.002810548230395559, "K13778": 0.0027863171105200744, "K23463": 0.0027645449501616636, "K03518": 0.0027585381380139614, "K01644": 0.00274145820701378, "K00038": 0.0027312347634974744, "K02233": 0.0027235813602786846, "K01857": 0.0027176777029977264, "K15576": 0.002696156193577899, "K00449": 0.002686779955758436, "K13774": 0.0026696700454678177, "K15578": 0.0026671405800755233, "K17322": 0.0026669801409164714, "K26138": 0.002637856117438123, "K02610": 0.0026357310277526974, "K07535": 0.002627367131183925, "K02232": 0.0026093337526565076, "K22822": 0.002603567063991073, "K02611": 0.0025622611733205664, "K03520": 0.002554107163951331, "K00864": 0.002552921508993132, "K02609": 0.0025339819905338236, "K02230": 0.002521321829077256, "K22818": 0.0024387664321220376, "K23351": 0.002428329882923197, "K02281": 0.0024158608251196286, "K13934": 0.0023952413653539283, "K10217": 0.002377409755466425, "K05921": 0.0023692528996149963, "K02282": 0.0023689083979331993, "K17724": 0.0023178129107726446, "K01604": 0.0023178129107726446, "K00252": 0.0023145917340840114, "K00166": 0.002313015330895003, "K17325": 0.0022947698022374426, "K17324": 0.002292654580648488, "K02510": 0.0022916428886337646, "K02280": 0.0022752177708437807, "K03587": 0.0022725412950212174, "K12511": 0.0022669035440937924, "K08299": 0.002252202562179176, "K20329": 0.0022277007158344967, "K00374": 0.0022241748585864135, "K07160": 0.002176731725328227, "K21054": 0.002158994525406739, "K00140": 0.0021080889679422252, "K02231": 0.00210361215450274, "K18013": 0.002103131328867425, "K22344": 0.002092426113014195, "K00217": 0.0020771667445604195, "K02575": 0.0020723633696858017, "K01041": 0.0020663626893454245, "K02509": 0.002065364660784508, "K00248": 0.0020542212979635316, "K00309": 0.0020441406624293335, "K23466": 0.0020245516428722536, "K23462": 0.0020241443302913774, "K16164": 0.002021271188214434, "K02001": 0.0020141707039467017, "K23124": 0.0019901730899675304, "K07045": 0.0019751959780816963, "K13930": 0.0019672507006155593, "K01907": 0.0019347196630692285, "K02616": 0.0019333628930139292, "K17323": 0.0019326986305286328, "K18365": 0.0019313315082250578, "K13929": 0.0019299862832400474, "K04098": 0.0019257338859816177, "K04073": 0.0019183055496103936, "K02303": 0.0019145018632205633, "K23948": 0.0018718376180866308, "K11263": 0.0018695221939496749, "K02227": 0.0018680380987523351, "K21834": 0.0018535579538475036, "K03863": 0.0018512593134342003, "K02444": 0.0018495718077101973, "K00371": 0.0018436246314796176, "K21832": 0.0018389571580449584, "K03519": 0.0018321482101153752, "K01466": 0.0018153657383660703, "K08681": 0.0018016855438310882, "K22081": 0.0018011275757122188, "K05898": 0.0017856345698852728, "K01843": 0.0017755338680065706, "K01928": 0.0017680364980465, "K00362": 0.0017656345787250478, "K00370": 0.0017599258368700842, "K12510": 0.0017560154413258642, "K00255": 0.0017521624605033378, "K00479": 0.0017468997079402048, "K22067": 0.001738858265662766, "K16047": 0.001734495686345363, "K03820": 0.0017047589506149487, "K15371": 0.0017033625638760961, "K16639": 0.0017033625638760961, "K00247": 0.0016976360129805639, "K01159": 0.0016955700297429286, "K00111": 0.0016940290703754053, "K15792": 0.0016663516542011734, "K10747": 0.0016617975057330442, "K02278": 0.0016462479016051217, "K05606": 0.001644948209833706, "K17321": 0.0016296077235396684, "K09386": 0.0016157389891616406, "K06718": 0.0016123749779558107, "K10002": 0.0016114074619087034, "K09959": 0.0015883048897100535, "K18122": 0.0015864854293838196, "K22027": 0.0015648638221690487, "K01799": 0.0015646360325300604, "K08764": 0.0015634588399917138, "K02002": 0.0015589267884175606, "K22550": 0.0015580632075819596, "K09024": 0.001552057267745716, "K03891": 0.0015510385763484972, "K11410": 0.0015452348341905555, "K02279": 0.0015338756435886555, "K03551": 0.001524633097938321, "K02160": 0.0015233417307018767, "K23617": 0.0015219614277900643, "K20036": 0.0015146007512419726, "K00138": 0.001504772951706193, "K02276": 0.0014935280451377365, "K23980": 0.0014909832480022674, "K01473": 0.0014821349383076152, "K21061": 0.0014821032254649532, "K01782": 0.0014713884860810904, "K05548": 0.0014665874709432355, "K21833": 0.001464696386989952, "K23786": 0.0014535458608551201, "K01545": 0.001439080492177276, "K21826": 0.001431297709923664, "K01474": 0.0014204753896769006, "K02554": 0.001419542126687037, "K10218": 0.0014139243483653004, "K02000": 0.001386883066272379, "K00768": 0.0013819876587718336, "K18068": 0.001371713887917258, "K16049": 0.0013409903884513906, "K03589": 0.0013408202439942093, "K10003": 0.0013393591837251402, "K15735": 0.0013235555355395928, "K00363": 0.001318682246106195, "K15724": 0.001308241265854249, "K01924": 0.0013080373529430062, "K13995": 0.001292785028318148, "K00373": 0.0012900021607536191, "K14657": 0.0012751561415683553, "K03547": 0.0012740292144427622, "K21607": 0.0012690919012900317, "K01054": 0.001246370506937899, "K15734": 0.0012396424610165069, "K13571": 0.0012303218410088638, "K10004": 0.001224206921321941, "K00411": 0.0012187659868995195, "K00242": 0.0012169487775196372, "K06720": 0.0012131247971806979, "K04033": 0.0012109657451817824, "K09014": 0.001208651399491094, "K02226": 0.0011899654343373834, "K02651": 0.0011848797495164207, "K09967": 0.0011824419437093284,