{"pos_hif": {"K10820": 0.0245994504333122, "K23509": 0.02333837711702186, "K01804": 0.02131009228574659, "K10546": 0.019535880042841843, "K03534": 0.01880644005963635, "K00853": 0.018741512977319782, "K03077": 0.018453248381739926, "K10547": 0.0184107088530575, "K10548": 0.018161764705882353, "K23508": 0.01807145601229351, "K00848": 0.01597990638200708, "K10242": 0.015098289441458163, "K10241": 0.014949779027721976, "K10240": 0.013733279086683682, "K01209": 0.013616021545425893, "K02103": 0.013116462238995773, "K01813": 0.012435778565584947, "K01629": 0.01173530059458269, "K01820": 0.011385848371567654, "K10560": 0.010983413869661748, "K10559": 0.009926127445851208, "K10561": 0.009731050113321581, "K01805": 0.009435445806023745, "K25089": 0.009314991900936532, "K01838": 0.009180972695569993, "K05350": 0.00910819536178657, "K10562": 0.008978391648007768, "K17235": 0.008263783397372888, "K17327": 0.008108234926096818, "K17641": 0.007938283339596366, "K09704": 0.007792969969407505, "K01811": 0.007739545721349674, "K17328": 0.007600912851233775, "K27069": 0.007530255363772922, "K17326": 0.007376535241397116, "K00854": 0.0073539504692603464, "K00691": 0.0073397780164697465, "K17234": 0.007175685693106004, "K15921": 0.007072522856436866, "K17236": 0.007054251012145749, "K15532": 0.0070432933238809975, "K17640": 0.007037409348747039, "K05989": 0.006923637541501337, "K00849": 0.0069152510906896865, "K12111": 0.006786926236828005, "K12113": 0.006748085683822817, "K02856": 0.006680429588736053, "K02759": 0.006582145141266318, "K09955": 0.0065740066569586015, "K01181": 0.006357271042334735, "K17320": 0.006223538841130896, "K15772": 0.006112851525305461, "K15530": 0.005870185263851442, "K15923": 0.005860579888957434, "K01235": 0.00567343555739743, "K00965": 0.005667676532276859, "K02795": 0.005575063562291045, "K02794": 0.005514477599565165, "K01222": 0.005030233698316718, "K02760": 0.005017522425489502, "K18676": 0.004972114167877397, "K25010": 0.004965630450394993, "K01206": 0.0047562896952390325, "K18650": 0.004716442268461852, "K02796": 0.004680368240542562, "K03810": 0.004659066999308665, "K25677": 0.004603279555673103, "K25678": 0.004593687038280725, "K01060": 0.004567669172932331, "K18673": 0.004377616762574798, "K05970": 0.004357970134249272, "K01201": 0.004327164064006169, "K07738": 0.004292438029494822, "K01815": 0.004290322580645162, "K02854": 0.00425057618921676, "K15771": 0.004189903408055404, "K03974": 0.004170851156158948, "K02401": 0.004168637066876843, "K10006": 0.004079263511975518, "K15524": 0.0040764919983823445, "K02246": 0.004063693635597004, "K25676": 0.004060574102758462, "K01812": 0.004051731194237538, "K03492": 0.0039831338001656506, "K16211": 0.003899536338266752, "K03490": 0.0038802889576883383, "K10538": 0.0038741321388577822, "K10008": 0.003844254308100965, "K19355": 0.0038188914205788795, "K07106": 0.003798331246788772, "K10539": 0.0037606928714190536, "K02855": 0.0036977928692699486, "K00874": 0.0036735006119951036, "K01218": 0.003650334627778237, "K00879": 0.0036404298466728574, "K06201": 0.0036211590820692343, "K00702": 0.003607602799287755, "K18581": 0.0035800297659315384, "K02245": 0.003578350976591621, "K18206": 0.003572913174656386, "K01192": 0.003537950469952926, "K01191": 0.003524245655855969, "K16209": 0.003513456538542618, "K12604": 0.0034919982884039366, "K16212": 0.0034883399391649, "K03969": 0.0034515025541118896, "K10005": 0.0034257942152678997, "K03970": 0.003422727942851782, "K02744": 0.003420590139672556, "K19265": 0.0033464021226882108, "K01215": 0.003344334433443344, "K01685": 0.003332102290640172, "K21574": 0.003331005789764627, "K10007": 0.00331431805319751, "K10537": 0.003259295026557219, "K02404": 0.0032198142414860682, "K15770": 0.003202842028034136, "K02429": 0.0031600869581103054, "K01224": 0.0031596044083221546, "K10234": 0.0031502721501649577, "K00847": 0.003140816643378358, "K02421": 0.003131160303773668, "K11144": 0.003114302610458731, "K12309": 0.0031051195519494505, "K10233": 0.0030978260869565215, "K19226": 0.003015952769752543, "K10543": 0.0029963522668056282, "K03971": 0.0029791459781529296, "K01208": 0.002977636825781778, "K10545": 0.0029718057652470065, "K10232": 0.0028733997155049786, "K18197": 0.002860632055520805, "K26172": 0.0028384994541665286, "K22185": 0.0028254847645429364, "K03491": 0.002817296501507028, "K21000": 0.002794507695361132, "K01818": 0.0027646126371972633, "K01728": 0.0027615664209294202, "K03931": 0.002755939956754865, "K15531": 0.0027014905685265795, "K03439": 0.0027002441037528757, "K16044": 0.0026985919734959715, "K00041": 0.002645803698435277, "K02810": 0.0026244599826414283, "K01193": 0.00260204241948154, "K02100": 0.002600089968511021, "K18928": 0.0025960442507542746, "K02082": 0.002591632209685332, "K06610": 0.0025810804927952637, "K01200": 0.002571742581511784, "K06896": 0.002536742638610211, "K08257": 0.002501906941266209, "K07046": 0.0024930994152046783, "K01179": 0.002488463853407343, "K10188": 0.0024732563115104833, "K18479": 0.0024480263157894734, "K10190": 0.0024394629350948855, "K19227": 0.002422235363690124, "K02244": 0.002380450678533801, "K10231": 0.0023798627002288328, "K08138": 0.002368865576102418, "K02916": 0.0023188786828138093, "K00620": 0.002264105058365759, "K22597": 0.002209698820105292, "K01809": 0.002194787817000128, "K25086": 0.002192383328751771, "K10544": 0.002154195671802639, "K10189": 0.002137651821862348, "K26349": 0.002135290683126199, "K02079": 0.0021242256963465507, "K00690": 0.002085272119394754, "K00078": 0.0020786768683824096, "K21298": 0.002070298122929702, "K25670": 0.0020682647212089634, "K05991": 0.002048770575086365, "K02248": 0.0020308307053454257, "K25675": 0.0020224683594305486, "K02400": 0.0020179812688867057, "K02682": 0.0020134017050995687, "K00594": 0.0020119627722223503, "K01195": 0.0019957573672743953, "K25088": 0.001988984088127295, "K21575": 0.001981688479469752, "K01261": 0.0019767053197233438, "K06918": 0.001959614315355511, "K06426": 0.001958020050125313, "K13020": 0.0019459393718264466, "K01087": 0.0019397200404065395, "K03484": 0.001936611601997695, "K00065": 0.001896297580854938, "K03338": 0.0018908941192616483, "K03929": 0.0018850144900439375, "K24995": 0.0018745965486078235, "K01217": 0.0018655155238253363, "K25031": 0.0018630647414997672, "K18910": 0.0018543531512556948, "K08323": 0.0018529841086232061, "K03575": 0.0018520528124434798, "K00145": 0.0018519426142848143, "K00697": 0.0018464353235347927, "K00064": 0.0018370445344129552, "K03930": 0.0018086085486183946, "K01443": 0.0017997015800951372, "K16213": 0.0017971157401700975, "K12448": 0.0017874197689345314, "K03346": 0.0017659342223909638, "K20525": 0.0017649203841011301, "K26057": 0.001754559924849307, "K00930": 0.0017532416870816236, "K24707": 0.0017421212605983043, "K25673": 0.0017158057179987006, "K03337": 0.0016994710829792768, "K04562": 0.0016926503340757239, "K14274": 0.001674553355866731, "K03402": 0.0016728297235428773, "K03332": 0.0016606511160193215, "K18929": 0.0016569927053102203, "K02243": 0.0016551426948465322, "K01051": 0.001643132220795892, "K20108": 0.0016429000144876544, "K25672": 0.0016412862653333578, "K17244": 0.0016287865398890106, "K07406": 0.001625697481526165, "K20569": 0.0016093986365690262, "K00782": 0.0016091183372443849, "K13875": 0.001608764112700593, "K18198": 0.001575795776867318, "K03565": 0.0015739062904478384, "K10236": 0.0015708986562150056, "K25766": 0.0015707696836871543, "K06606": 0.0015577472578117801, "K09862": 0.001549150423698019, "K01621": 0.0015486326109391123, "K17463": 0.0015449832733215863, "K10238": 0.0015376193995128228, "K02814": 0.0015349399532521963, "K06607": 0.001520599695405368, "K05342": 0.0015160159397251923, "K00767": 0.0015005650260873748, "K16210": 0.001493388644023853, "K20829": 0.001490135304285629, "K06975": 0.001479136437585191, "K19776": 0.0014654158053744634, "47939279": 0.0014615384615384614, "K10229": 0.0014589009684642155, "K02247": 0.0014580621164217965,