{"pos_hif": {"K16013": 0.008594524470988508, "K16012": 0.007448732489348007, "K00938": 0.006600660066006601, "K01597": 0.00657360818049018, "K03522": 0.006532612024089007, "K03521": 0.005375606812758839, "K02431": 0.005148514851485149, "K22345": 0.005034312955105034, "K02041": 0.004931624039151056, "K02042": 0.00470969042605618, "K08348": 0.004555105401130922, "20396366": 0.004111186980767042, "K09997": 0.004065490347917473, "K10000": 0.004065490347917473, "K02020": 0.004033049261005372, "K00371": 0.0039603960396039604, "K23518": 0.0038811881188118816, "K05847": 0.00380135956788627, "K02018": 0.003763045223441263, "K02429": 0.0035152674931358684, "K02044": 0.0034764712426298807, "K01804": 0.0033753375337533752, "K05780": 0.003342740816137689, "K00048": 0.003327832783278328, "K02591": 0.0031967322292767394, "K09999": 0.003190465517923297, "K00123": 0.0031443803721031443, "K09998": 0.0030748416456552485, "K00374": 0.0030545607752264585, "K06165": 0.003009306559173741, "K00156": 0.0029674742242577785, "K03833": 0.002938948248386844, "K00831": 0.0029363230440691127, "K02380": 0.002874480996486745, "K24163": 0.0028010659612130173, "K11893": 0.002788590982340029, "K00373": 0.0027765191319521435, "K06163": 0.002759557392865035, "K01042": 0.002740952061307826, "K02757": 0.0027367601625027365, "K18234": 0.0027227722772277226, "K00674": 0.00272005222500272, "K00848": 0.0026673562878675927, "K02596": 0.002661556478228468, "K03077": 0.002659417727487034, "K00684": 0.002652050919377652, "K06879": 0.0026437890785073167, "K10851": 0.002633242047609016, "K08368": 0.0026272364078513116, "K02017": 0.0026088610690895254, "K02586": 0.0026043908738699957, "K04015": 0.0026013325193109125, "K22475": 0.0025817444847483443, "K01002": 0.0025663366336633664, "K18141": 0.0025518015719097685, "K02592": 0.002546711364049791, "K09861": 0.002544844949042581, "K11392": 0.002528988531037012, "K01818": 0.0025180718763917914, "K22320": 0.0025135424934898554, "K00526": 0.0025034108973476365, "K00370": 0.002482592472897141, "K00313": 0.0024513089606833026, "K15723": 0.002447710778494413, "K03534": 0.0024465767040024464, "K05845": 0.002444688913335778, "K00879": 0.002420363987618274, "K18928": 0.002410955381252411, "K09857": 0.002381788522101638, "K05601": 0.002378178994370025, "K13788": 0.0023608200236082005, "K01193": 0.0023550898779198313, "K06966": 0.002331619748259679, "K06929": 0.002326907191306675, "K12147": 0.0023175447738679683, "K03635": 0.002316867884229008, "K10560": 0.0023042304230423043, "K12148": 0.0022708115792519534, "K06164": 0.0022366694500775375, "K05781": 0.00221127213184997, "K18890": 0.002207450269799477, "K02019": 0.002194139011891139, "K03212": 0.00219028674876517, "K06166": 0.0021727945266436757, "K01820": 0.0021562156215621563, "K02237": 0.0021534972030021536, "39224813": 0.002135159752534393, "K06175": 0.0021226900138085025, "K11895": 0.0021222671425689954, "K07118": 0.0021185524666003717, "K02575": 0.0021013155110647394, "K13934": 0.0020866602789311193, "K06162": 0.0020723002532811417, "K11921": 0.0020612787922390857, "K08310": 0.0020541473234460374, "K05836": 0.0020252025202520253, "35462565": 0.0020226486709200553, "K06201": 0.0019828958372676503, "K02777": 0.0019801980198019802, "K03672": 0.001952307906847023, "K08369": 0.0019371502367628065, "K01835": 0.0019366519985331866, "K07229": 0.0019321793611231793, "K03214": 0.0019062810013810814, "K10762": 0.0018971284883590402, "K01821": 0.001884706237121174, "K11907": 0.0018750892127220586, "K11441": 0.0018661552019076254, "K03695": 0.0018657644658938257, "K01766": 0.0018428054259170413, "K03752": 0.0018410932002291137, "K11896": 0.0018278750952018278, "K04069": 0.0018225389417922684, "K09911": 0.0018156003417600646, "K00078": 0.0018042466897292139, "K18929": 0.0018018804399331622, "K02445": 0.0018001800180018, "K06188": 0.001790134370579915, "K01119": 0.0017684710374622136, "K21054": 0.0017597700729482546, "K01146": 0.0017502796304735078, "K02810": 0.0017420054393231066, "K04561": 0.0017249111670748958, "K07687": 0.001718921892189219, "K12139": 0.0017163607478226334, "K10561": 0.0017143057061889935, "K11892": 0.0017005271955767005, "K07704": 0.0016992942726847117, "K07309": 0.0016953750169537503, "K13643": 0.0016632876011259178, "K11932": 0.0016612399494983056, "K02182": 0.0016444747923068169, "K00874": 0.0016387845681119836, "K00240": 0.001630864840870052, "K06968": 0.0016142918639690056, "K01246": 0.001608910891089109, "K07343": 0.0015913879900901933, "K02846": 0.0015844400940805317, "K07641": 0.0015773903740980493, "K03637": 0.001563314226159458, "K00931": 0.0015579770267529548, "K08968": 0.0015398866739650878, "K04047": 0.0015279305708348612, "59120287": 0.0015203121983507542, "K02167": 0.0014993434827353705, "K22296": 0.0014937902767832893, "K22044": 0.0014851485148514852, "K21613": 0.0014826977747279678, "K13933": 0.001482060888001482, "K07106": 0.001470357932102525, "K03748": 0.0014668133480014668, "K13821": 0.0014646435057706956, "K14393": 0.0014626462646264626, "K03484": 0.0014609997585124366, "K05776": 0.001450387169467552, "K23187": 0.0014451384824851604, "K01812": 0.0014432930173483823, "20953884": 0.00144014401440144, "K07262": 0.001439989093573729, "K21567": 0.001439927646610815, "K13929": 0.001439927646610815, "K01620": 0.0014370087226429464, "K07320": 0.0014353506356552814, "K10036": 0.0014248120847327023, "K18657": 0.0014206398677935146, "K03475": 0.0014144271570014145, "K00041": 0.0013977868375072801, "K08169": 0.0013869091189274568, "K07146": 0.001382724479344486, "K02444": 0.001380583602914747, "K06607": 0.001367602513676025, "K03688": 0.0013613861386138613, "K03338": 0.00136002611250136, "K03777": 0.0013561071746985124, "K18888": 0.0013526969395231743, "K04770": 0.0013510945977326945, "K18889": 0.0013396002521600477, "K10543": 0.0013311331133113312, "K11901": 0.001330101213618977, "K00656": 0.0013299837446431211, "K01685": 0.0013201320132013201, "K02439": 0.0013201320132013201, "K13936": 0.0013165052769013165, "K19239": 0.0013078707251530106, "K23359": 0.0013006662596554562, "48634422": 0.0012966954437003653, "K00998": 0.001293777290614724, "K10559": 0.0012925574541788384, "K02548": 0.0012862140717535956, "K05812": 0.0012842166569598137, "K13931": 0.0012637339683335422, "K01724": 0.0012557859559540858, "K01222": 0.001247937293729373, "K15975": 0.0012453428295012454, "K02103": 0.0012407255763170304, "K00850": 0.0012392043802081359, "K05339": 0.0012321556161507166, "K11906": 0.0012213630122136301, "K07335": 0.0012174997987603638, "K00239": 0.001216503902950022, "K07312": 0.0012163378500012164, "K13255": 0.001214389273720864, "K11066": 0.0012080926096948088, "K09936": 0.0012015764683264442, "K09771": 0.001190102315740756, "K03469": 0.0011786892975011788, "K02887": 0.001174529217627645, "K00782": 0.0011722307260080215, "K06143": 0.0011594938084842337, "K08297": 0.001156657721846951, "K08323": 0.0011512779184895234, "K23509": 0.0011508028381930354, "K04079": 0.0011473250329324777, "K01876": 0.001145569102364782, "K24843": 0.0011433013971143074, "K03742": 0.0011344884488448846, "K20534": 0.0011308237422727042, "K19504": 0.0011302073603586774, "K26605": 0.0011226319482341934, "K19229": 0.0011086645211955098, "K13930": 0.0011072271737340093, "K16066": 0.0010967250571210967, "K06975": 0.0010928245142395035, "K03332": 0.00109109271582896, "K09914": 0.0010832593106137748, "K08349": 0.0010832005442858934, "K09790": 0.001082920792079208, "K10820": 0.0010687725444208588, "K02317": 0.0010669170365312393, "K25109": 0.0010639607477621652, "K06193": 0.0010569864325882129, "K01621": 0.0010532968190436066, "K03634": 0.0010532968190436066, "K00705": 0.0010514325768860072, "K02509": 0.0010472201066260471, "K10562": 0.0010453924973649197, "K16937": 0.0010444082382921837, "K03577": 0.0010422094841063055, "K01745": 0.0010292266340036066, "K09996": 0.0010144457068657687, "K15550": 0.0010067793782988408, "K12297": 0.0010056998946940277, "K03825": 0.0010041572108529313, "K11939": 0.0009920831762534972,