{"pos_hif": {"K16209": 0.019463232743669786, "K03077": 0.016132879400678545, "K18673": 0.012646571343756186, "K15772": 0.012000039183801417, "K02810": 0.011770165372932838, "K01685": 0.011562124140167846, "K02770": 0.010863562822330369, "K02795": 0.009838281977683577, "K00041": 0.009676748057713652, "K22230": 0.00936306040528123, "K12111": 0.0090234376760135, "K03475": 0.009007715156086464, "K05340": 0.008949436400293255, "K20861": 0.00876159800009615, "K00848": 0.00857139941802956, "K02822": 0.00851246072918117, "K01812": 0.008416831449399404, "K19265": 0.008253128049479266, "K01811": 0.00824552586522654, "K03491": 0.008216331793346986, "K15771": 0.0079281335687727, "K02760": 0.007822503045775878, "K09997": 0.007664766407119021, "K03483": 0.0076013242880749975, "K02821": 0.007581485215053762, "K02746": 0.007510335636185606, "K02759": 0.007377009041330323, "K03078": 0.00726815179765975, "K03488": 0.0072375421847921916, "K07705": 0.0070711321641089885, "K01193": 0.0070013474945236735, "K00853": 0.0067220874269122155, "K03534": 0.006397174925468423, "K01809": 0.00629699760244115, "K27069": 0.006225899455569148, "K01834": 0.006176621452182834, "K06216": 0.0060275161958191405, "K19775": 0.005943523419554579, "K25864": 0.0059296097934200456, "K01226": 0.005903745336041185, "K12113": 0.0058704516582732185, "K01813": 0.005773460410557186, "K02775": 0.0056111140781884205, "K01629": 0.005599451482303774, "K25031": 0.005560315002141751, "K05338": 0.005524270061822856, "K01815": 0.005444577607816588, "K02819": 0.0053484904515370465, "K25089": 0.005205770631187388, "K07704": 0.005194834763272632, "K02796": 0.005164977597014426, "K00965": 0.005115167277898361, "K18887": 0.005107635450865947, "K15770": 0.005100171532299699, "K10254": 0.0050189753320683105, "K01804": 0.005015554410715701, "K12700": 0.005013964702325064, "K26032": 0.005012177879354257, "K19505": 0.004890770106319683, "K02768": 0.004856948012814413, "K02532": 0.004800588659440419, "K17463": 0.004697836297727689, "K00849": 0.004668316138368891, "K15524": 0.004668316138368891, "K01820": 0.004490469208211144, "K22393": 0.004472335918939806, "K02781": 0.004455636322495793, "K02082": 0.00435909637347225, "K00016": 0.004305803209596369, "K22980": 0.004217635313275434, "K02744": 0.004171088678826172, "K09998": 0.004088108424164865, "K14155": 0.004051338149994912, "K00878": 0.004006202079645216, "K02774": 0.004001107573030596, "K22708": 0.003993570351733708, "K02786": 0.003944600280504909, "K03484": 0.0039012751688671794, "K02773": 0.0038463272082575836, "K02747": 0.003831124051796797, "K09999": 0.003792835334053972, "K09963": 0.0037533248835175032, "K00040": 0.0036909936704034164, "K16371": 0.003664536417123149, "K23508": 0.0036199288866041214, "K26355": 0.0036161937005477784, "K02564": 0.0036023569536802395, "K02598": 0.0035789312501343195, "K01224": 0.003574828133262824, "K03492": 0.0035537736281536043, "K03489": 0.003502695952569908, "K01838": 0.0034795993177329583, "K00691": 0.003460798974578082, "K02081": 0.003434905889546913, "K02794": 0.003434014169430208, "K19082": 0.0034317089910775567, "K19506": 0.003424422984727073, "K02466": 0.0033834727406025058, "K02530": 0.003370245546461242, "K02103": 0.0033607141573733573, "K21739": 0.00335660676914195, "K02077": 0.0033229853983382214, "K02782": 0.0032945354575991295, "K06726": 0.003277666418049599, "K17467": 0.0032649862870575944, "K07784": 0.003259762308998302, "K05878": 0.00323373989348492, "K02791": 0.003223686999279386, "K19081": 0.0032093872189638316, "K02745": 0.003159496040878418, "K00874": 0.003103646909264262, "K10188": 0.0030873385292631886, "K05346": 0.0030158394225628226, "K20373": 0.002986105468432599, "K10109": 0.002974447880262749, "K19427": 0.0029662588060808304, "K03481": 0.002958701458804191, "K10561": 0.002953863465866466, "K07862": 0.0029203605751322356, "K00009": 0.0028878121333141197, "K02769": 0.002879880033399792, "K01818": 0.002863242071021957, "K01200": 0.0028527886390789614, "K09809": 0.002846038750253601, "K04068": 0.0028405911647035784, "K06346": 0.002826365956710456, "K07106": 0.0027736448745959087, "K10820": 0.002763365666591473, "K10559": 0.002731937506807961, "K19507": 0.002726823867376863, "K02079": 0.002726823867376863, "K22394": 0.0027236360541322666, "K10560": 0.0026539646853765125, "K02024": 0.0026486401012017708, "K02800": 0.002642673754634167, "K17468": 0.002631647979374026, "K24041": 0.0026286482334869432, "K02551": 0.0026007856453277405, "K19509": 0.002586134098969769, "K18928": 0.002578522920203735, "K20265": 0.002576572543954915, "K21030": 0.0025511915624496805, "K08483": 0.002525419450987933, "K07768": 0.0025133456577280185, "K04072": 0.002506488691138302, "K23509": 0.0025062377472821243, "K00854": 0.002478895491416714, "K15835": 0.0024737910332359265, "K00879": 0.0024309016214113816, "K08302": 0.002421877627905412, "K00078": 0.002421573690070842, "K00068": 0.0024199598286668437, "K03476": 0.0024170556181454484, "K16323": 0.0024118983159730186, "K03930": 0.0024068931140069786, "K19083": 0.0023993601706211675, "K17234": 0.002384579717824733, "K01639": 0.0023757191802960755, "K25088": 0.0023730332300589273, "K18888": 0.0023687716931782665, "K16210": 0.0023578890453163576, "K18929": 0.0023358359077519934, "K08191": 0.002335411133853206, "K02548": 0.0023196159289444146, "K03648": 0.00230399846469636, "K21681": 0.0022879400975683545, "K00633": 0.0022773675588426607, "K05879": 0.00227041557686719, "K06975": 0.002256860857005296, "K02074": 0.0022443242508399528, "K02798": 0.002241988627305096, "K09704": 0.002233453938867091, "K02783": 0.0022308738104066246, "32924419": 0.0022242378166140585, "K01198": 0.002224060288576418, "K10000": 0.002220270576974314, "K17465": 0.00220097668340326, "K01686": 0.0021866371257089003, "K08315": 0.0021693205580885127, "K05796": 0.002151729728440979, "K08996": 0.002148913361270831, "K00048": 0.0021145188908528504, "K12142": 0.0021088131647345847, "K17320": 0.0021081030576253768, "K00116": 0.002103732404237, "K19084": 0.002099982500145832, "K02046": 0.002087964853379308, "K03485": 0.0020810132316578266, "K15530": 0.0020786819616598665, "K01661": 0.0020512940735183797, "K11535": 0.002033655508922145, "K15834": 0.00203305351521511, "K15532": 0.0020264909288996258, "K07173": 0.0020254506328035117, "K03338": 0.0020197335537698487, "K02075": 0.0020121602743205483, "K10190": 0.0020091768631813126, "K08323": 0.002002681275757626, "K02431": 0.002000347200303011, "K00065": 0.001977973675856512, "K01805": 0.0019750075193623582, "K08314": 0.0019550342130987292, "K02057": 0.0019409485992187702, "K23842": 0.0019338753546047436, "K02777": 0.0019277462045412094, "K06960": 0.0019167002089203226, "K00882": 0.001863968350578211, "K11616": 0.0018361934123727701, "K02919": 0.0018342226534077129, "K02525": 0.0018228961274548467, "K03477": 0.0018206943856039057, "K10108": 0.0018173348524769162, "K02990": 0.001814609858880341, "K02856": 0.0018129046582249472, "K11748": 0.0018087237286615444, "K01232": 0.0018081033058885356, "K13732": 0.0018075639599555062, "K02047": 0.001801902809366691, "K00880": 0.0017880654565973857, "K16013": 0.001782794156214807, "K01808": 0.0017746135752688171, "K08138": 0.0017644183773216032, "K22450": 0.0017615325333039744, "K24163": 0.0017612161661104931, "K07707": 0.0017531556802244039, "K07223": 0.001752304147465438, "K07677": 0.0017518966815312448, "K00712": 0.0017373026767330132, "K03212": 0.0017300414489097133, "K05985": 0.0017187255862842858, "K19508": 0.0017165028032826847, "K00782": 0.0017156291699320103, "K07687": 0.0016985111662531018, "K06609": 0.0016972642911661914, "K02682": 0.001690644786632198, "K02058": 0.0016867872975158224, "K25814": 0.0016860602597197866, "K02793": 0.0016833188531711553, "K25086": 0.0016805218567280539, "K10562": 0.001674412247129579, "K06155": 0.0016655902647948603, "K02854": 0.0016655293260389318, "K26057": 0.0016311772036619852, "K18909": 0.0016310257339615802, "K02429": 0.001617905072642206, "K05881": 0.0016151187522155264,