{"pos_hif": {"K19227": 0.06420571193037247, "K19226": 0.06212144712862073, "K19228": 0.05756721998795727, "K19229": 0.04526520651735751, "K01646": 0.04190574391322253, "K01643": 0.04190176182830741, "K03974": 0.031662250314468995, "K05964": 0.02732481780480667, "K01910": 0.02690269885561292, "K03077": 0.019599512163485343, "K19230": 0.01909876307422678, "K06394": 0.018858911490445354, "K03970": 0.016461603857721992, "K17468": 0.015162338188685974, "32924419": 0.012890180715278653, "K06397": 0.012438670138335368, "K06396": 0.012013375623797557, "K17463": 0.011883123127629727, "K06395": 0.009770099154321485, "K01804": 0.009602949888093237, "K00853": 0.009384071268893264, "25962062": 0.008629469965620855, "K03971": 0.008013065111877651, "K13927": 0.0076499904500046635, "K06918": 0.0074750091859826845, "K02775": 0.006783473918900936, "K05781": 0.006616281078260992, "K02525": 0.0065955622446818695, "K02412": 0.006414114180620685, "K06165": 0.006399139844617092, "K06393": 0.0063136031497113875, "K09999": 0.006267672897522518, "K02822": 0.006102300352246607, "K03475": 0.005853134095770385, "K02419": 0.0058001255514982175, "K02774": 0.005580052269934071, "K07320": 0.005557935730604135, "K05346": 0.005535750885720141, "K02421": 0.005460732621430268, "K02773": 0.005332485052292631, "K06163": 0.005324396041212943, "K09998": 0.005214437402442646, "K02821": 0.005200727625877252, "K03601": 0.0050492259617055234, "K11441": 0.005047124764960125, "K01407": 0.00493457664424999, "K02411": 0.004787008330920673, "K06442": 0.004674479331987489, "K03078": 0.004608055505648178, "K07700": 0.004579663104204649, "K02413": 0.004555122430654056, "K23248": 0.0045536391910593905, "K01160": 0.004550499445061043, "K02390": 0.00444333227571957, "K01736": 0.004387704501398532, "K06166": 0.004365507771966417, "K09996": 0.004330857439809182, "K25089": 0.004215290505962834, "K03969": 0.004136616557880705, "K02681": 0.0040849616928483184, "K06391": 0.004042885758682807, "K01571": 0.004035218423412726, "K03338": 0.004011553273427471, "K02680": 0.0039165064762232095, "K02389": 0.003915942273609587, "K02103": 0.003846514682427995, "K01146": 0.0038128155171484645, "K05966": 0.0037856948113186464, "K06392": 0.003755180546332975, "K02160": 0.003742297708594223, "K00048": 0.003712743674121123, "K01629": 0.003685710617635518, "K02416": 0.0036321484438770445, "K02420": 0.003585115970878829, "K00848": 0.0035421096865906037, "K01813": 0.00351245339058288, "K15770": 0.003493859577885457, "K12700": 0.0034779546908923027, "K09997": 0.003452256147368894, "K02679": 0.0034470384009885097, "K03337": 0.003442372526029485, "K03602": 0.0034390353727926323, "K06909": 0.003426395890906592, "K02388": 0.0034200383722652406, "K03491": 0.003396141314608618, "K03346": 0.00338864127444805, "K08990": 0.003381899358781341, "K02410": 0.003365430063072647, "K11616": 0.003360792136239753, "K17467": 0.0033365586733842714, "K01961": 0.0032932467057812612, "K07702": 0.003268448300729506, "K15723": 0.0032266800343410946, "K02418": 0.00318837248701821, "K26032": 0.0031683606281090234, "K11076": 0.0031624075815914897, "K03212": 0.0031487687831047505, "K02414": 0.0031432206493281884, "K03336": 0.003123113782683545, "K02409": 0.0031130023556655163, "K02426": 0.003103466062466687, "K08093": 0.0031028941457521626, "K02759": 0.003058239757348501, "K17465": 0.00302296110624187, "K12371": 0.0029766311562660504, "K00874": 0.002974677954754223, "K02397": 0.0029520843513094466, "K06164": 0.002930817128052515, "K02415": 0.0029280908040132327, "K02431": 0.0029178569042770113, "K01557": 0.002906079465523881, "K06610": 0.0028962576596629082, "K11144": 0.002877112759803282, "K17466": 0.0028567438199108694, "K05780": 0.0028519668194400423, "K03625": 0.002848119939337737, "K25088": 0.002841030157535122, "K06609": 0.0028374209518414297, "K07456": 0.002829587119400606, "K00560": 0.002794808994546948, "K02757": 0.0027722008980975983, "K08304": 0.0027656706671369065, "K03582": 0.0027267782052088157, "K03631": 0.0027223973901955886, "K06155": 0.0027067876844229276, "K01193": 0.0026404240844396846, "K03563": 0.0026233467321139605, "K25087": 0.002604949594510768, "K02796": 0.002600766258819231, "K15827": 0.0025966277205219947, "K03484": 0.00258825489746835, "K02043": 0.0025836446997326407, "K02063": 0.002555245183404119, "K06726": 0.0025459121492814275, "K15772": 0.0024871936975899805, "K02783": 0.002481986227141625, "K03488": 0.002468116030077718, "K25086": 0.0024634197520544136, "K01812": 0.002459238932341179, "K02532": 0.0024579597841365096, "K02760": 0.0024399214201777913, "K12370": 0.0024323717902099, "K02057": 0.0024150527554857473, "K01818": 0.002402000889135818, "K06968": 0.0023443695567797783, "K02466": 0.002327556265945124, "K07474": 0.0022723649696390013, "K04068": 0.002262191468378454, "K07741": 0.002245311261776878, "53921874": 0.0022348824287785995, "K09117": 0.0022300875209931076, "K02782": 0.0022169570009684192, "K25285": 0.0022039617434544633, "K03483": 0.002177192133648291, "K01529": 0.0021574519993788413, "K03604": 0.0021570597065363093, "K11075": 0.0021411560786255817, "K11074": 0.0021337697938527346, "K02746": 0.0021035694568583663, "K01685": 0.0020998276877510864, "K24707": 0.002099493779902407, "K03534": 0.002096275276733901, "K02399": 0.002096032184599543, "K00879": 0.0020884460632729623, "K02747": 0.0020669435261691962, "K13626": 0.0020622186454744363, "K00068": 0.002061107061039598, "K25284": 0.0020582155971111053, "K12369": 0.0020484390812913296, "K07307": 0.001988660339576029, "K02770": 0.0019873156536595504, "K17320": 0.001984055632919947, "47939279": 0.001979203019375186, "K01185": 0.001971342860869403, "K02042": 0.0019697006541351558, "K06966": 0.001964946518426025, "K07309": 0.0019437361281019296, "K03476": 0.0019429947070144186, "K02793": 0.001939458254238554, "K03583": 0.0019347259732729698, "K08094": 0.001930956529929826, "K05774": 0.0019214532406842024, "K02745": 0.0019181798430615718, "K12142": 0.0019046000621387928, "K00887": 0.0018886836729759043, "K25670": 0.0018587468561039504, "K02408": 0.0018540437291023918, "K22132": 0.0018433762657031078, "K02794": 0.0018341593843745922, "K02744": 0.0018327393900124962, "K07308": 0.0018265821424734072, "K07738": 0.0018201507324580102, "K02058": 0.0018176850058807454, "K08317": 0.0018176850058807454, "K02795": 0.0017931884263076676, "K10000": 0.0017929429035502833, "K02429": 0.0017791669513333788, "K00208": 0.0017759708212397305, "K06285": 0.0017586053947041523, "K02430": 0.0017353235299102778, "K01626": 0.0017335675147935737, "K00880": 0.0017264315420518316, "K02387": 0.0017189140130454113, "K02062": 0.0017102469887557972, "K06879": 0.0017045776118654612, "K02086": 0.0017013599794156445, "K01686": 0.0017011792737989897, "K02781": 0.0016744992600458658, "K07704": 0.0016636366298182245, "K02404": 0.0016518093642186264, "K00041": 0.001651224238691096, "K06398": 0.0016438132785921594, "K03721": 0.001641388262622122, "K09160": 0.0016309088656554717, "K00065": 0.0016284823231722731, "K06162": 0.0016256006573648824, "K02041": 0.0016233740497950968, "K10194": 0.0016195407950926766, "K03667": 0.0016184745518220108, "K15829": 0.0016168673195683366, "K06390": 0.0016086979318102738, "K05338": 0.0015919676460191712, "K00805": 0.0015878241418274138, "K01805": 0.0015838138138872119, "K08965": 0.0015805621842749557, "K08315": 0.0015791826568587039, "K12372": 0.0015427287320545185, "K12519": 0.0015394443339023342, "K15833": 0.001517462527886496, "K09961": 0.0015167511174657704, "K23349": 0.001513649434536621, "K02044": 0.0015022953646585799, "K06903": 0.0014758864848134635, "K01815": 0.00147544244092476, "K21512": 0.0014545094741008262, "K12518": 0.001439281102219581, "K03181": 0.0014104029375288766, "K01261": 0.0014083731134866097, "K03610": 0.0014012966358903547, "K26963": 0.0013969928005286153, "K05339": 0.0013913606524363748, "K02400": 0.0013873392151277177, "K06438": 0.0013525349463564915, "K02406": 0.0013404907229530919, "K02396": 0.0013350546885683623,