{"pos_hif": {"K02416": 0.010276106126486021, "K00347": 0.010183346418510137, "K00348": 0.00905366015075646, "K02501": 0.006863612642661039, "K00349": 0.006598701722269566, "K00346": 0.005706550520667839, "K09710": 0.004917981293252749, "K02418": 0.004708578346592874, "K02401": 0.004628399718990018, "K01693": 0.0044398324301472, "K02417": 0.004028319083154577, "K00765": 0.0038750070054362185, "K00147": 0.003810983776121187, "K02383": 0.0037287691956195282, "K02042": 0.003280774299086654, "K02415": 0.0032056970449906826, "K02556": 0.0031148478469830996, "K04094": 0.0030273734874219135, "K02413": 0.0029487284461492277, "K00351": 0.0029469205552068076, "K02409": 0.002894714681610093, "K00013": 0.0028229146010008517, "K02396": 0.0028183815802044518, "K02557": 0.002771482065431612, "K02414": 0.002769469369668772, "K01961": 0.002698989200199854, "K02044": 0.0026918798904727913, "K03305": 0.0026723742615075707, "K02564": 0.0026046412733126785, "K06286": 0.002579779686814746, "K06166": 0.0025748241778118255, "K00931": 0.0025667797789959102, "K02916": 0.0025596834636382663, "K02887": 0.0025494025950203074, "K02419": 0.0025301162627819024, "K07456": 0.002526261519623639, "K00350": 0.002488566047888082, "K02420": 0.0024828354994806314, "K02397": 0.0024779462781246903, "K05780": 0.00247794627812469, "K02160": 0.002473577955697705, "K06164": 0.0023119537322647712, "K02520": 0.0023018102372034956, "K08968": 0.002267910831693169, "K01934": 0.002252943323602795, "K06163": 0.002242014905864716, "K25284": 0.0022328456226761314, "K02421": 0.0022164986521915737, "K00874": 0.002192761649046261, "K08964": 0.0021565167798392416, "K02410": 0.002151576359005884, "K02041": 0.0021458867709433518, "K02888": 0.0021404496599600944, "K09888": 0.002139107468322656, "K09691": 0.0021262377741327987, "K02899": 0.002117910719209626, "K02408": 0.002099287166499323, "K01809": 0.0020671756137402206, "K07015": 0.0020393087159638335, "K06948": 0.0020130225160296237, "K03734": 0.0020106695647979, "K03979": 0.001965472256486008, "K00677": 0.0019577421359945574, "K07127": 0.0019567616790060467, "K07160": 0.0019070107738184852, "K02950": 0.0019038322733034116, "K02388": 0.0018587991532891515, "K01485": 0.0018313740849836267, "K02400": 0.001829497677109668, "K03786": 0.0018263628205614326, "K06142": 0.001823794532909625, "K03073": 0.0018187339031823125, "K02412": 0.001809479961883144, "K02863": 0.0017928781144085724, "K01466": 0.0017815167635778794, "K01815": 0.001781442459408561, "K03558": 0.0017789198003656667, "K01814": 0.0017785049887064934, "K24206": 0.0017676385525961797, "K24204": 0.001766989839808421, "K02411": 0.0017491385492644873, "K25282": 0.0017431635305287078, "K07040": 0.0017411418508985407, "K10229": 0.0017335180495125944, "K01487": 0.001727742359059417, "K15738": 0.001727302169923351, "K02002": 0.0017096071910352472, "K06402": 0.0016983118779932747, "K06187": 0.0016852252092839054, "K19005": 0.0016733470269863398, "K20534": 0.0016656652502748494, "K02395": 0.001643952719919775, "K01176": 0.001626595852121169, "K08967": 0.0016038333597338827, "K00042": 0.0016038111868202783, "K01297": 0.0016019619089057218, "K03609": 0.0015871908736524764, "K07793": 0.0015793914098998843, "K13482": 0.0015726017822820198, "K00882": 0.0015685591041784673, "K01150": 0.0015672161597399584, "K06867": 0.0015655647436774644, "K02385": 0.001559538636486706, "K02422": 0.0015574467408837717, "K00926": 0.001548746569159782, "K02071": 0.001533945649086261, "K00853": 0.0015322336561743343, "K01512": 0.0015311655998128575, "K00281": 0.001521932954906761, "K02390": 0.0015106785005769188, "K05515": 0.0015094185518691814, "K22549": 0.0015076346829011275, "K21062": 0.0015055172463176588, "K00831": 0.0014913732427856723, "K10133": 0.001488537728502046, "K02784": 0.0014879914440491966, "K01945": 0.0014876828768678897, "K06999": 0.0014871400404940628, "K00407": 0.0014819771831921225, "K01812": 0.0014730486651633084, "K00925": 0.0014701810265565789, "K02800": 0.0014630499948998777, "K13566": 0.0014516994895748645, "K19223": 0.0014240153018449, "K06165": 0.0014207168937445836, "K02043": 0.0014169477066773661, "K10227": 0.0014065756155649883, "K05346": 0.0013972920480109549, "K01854": 0.0013959097366769086, "K22479": 0.0013867488443759632, "K02405": 0.0013815212547260679, "K09690": 0.0013741783171534918, "K01009": 0.0013641723885669053, "K07141": 0.001361043058958163, "K11904": 0.0013462392805697284, "K02387": 0.0013448180050013893, "K01684": 0.001337614814258055, "K02536": 0.0013248849514576491, "K08483": 0.001317811429848201, "K18676": 0.0013162812616799651, "K02237": 0.0013112429044030334, "K06162": 0.0013003318088063852, "K02777": 0.001289722073842948, "K10228": 0.0012830666877871062, "K01304": 0.0012619953331682687, "K02770": 0.0012606807676145118, "K02549": 0.0012490163995853266, "K09791": 0.001245665048776263, "K02343": 0.0012398794837141828, "K02864": 0.0012376663114105958, "K21393": 0.0012335627760096711, "K00798": 0.001232389008915802, "K01816": 0.0012127927172545967, "K01638": 0.0011887757732349563, "K07106": 0.0011872594776058299, "K07447": 0.0011852554225435582, "K22391": 0.001181062000839804, "K03652": 0.001172723995518519, "K03722": 0.001159981593680497, "K05837": 0.0011421641896274572, "K05838": 0.0011316174931994142, "K09764": 0.0011243681236990783, "K06895": 0.0011202272460984943, "K09994": 0.0011151506875814318, "K21681": 0.0011099125369218317, "K16044": 0.0011098837723378958, "K02065": 0.0011076215381528999, "K07042": 0.0010965506037797152, "K18456": 0.0010937024740973718, "K09926": 0.0010779590853931761, "K15736": 0.0010770471064715235, "K00564": 0.001062064970288513, "K02440": 0.001050387524628169, "K09762": 0.0010398253093480295, "K05020": 0.0010350159998775128, "K07277": 0.0010204185756997521, "K00927": 0.0009789248007766676, "K02372": 0.0009593859929645028, "K02404": 0.0008777999467050033}, "neg_hif": {"K09118": 0.010006432552067696, "K18958": 0.009076209713750309, "K07177": 0.008459954128248726, "K13940": 0.00832743072689899, "K24411": 0.007545275502646235, "K06979": 0.0072533491229368665, "K20814": 0.005925401964251707, "K13570": 0.0055793691367249125, "K03433": 0.0050401827369109175, "K05568": 0.004480498591123497, "K07391": 0.004443655832684014, "K10008": 0.004364432727536924, "K10007": 0.004127597530841038, "K03426": 0.004063285146748704, "K10006": 0.0038850817839530196, "K03889": 0.0038605030389879925, "K05569": 0.003853173344698768, "K05567": 0.0037980914703265633, "K13527": 0.003792797978097908, "K02291": 0.0037095432050102913, "K03891": 0.0036241316470958986, "K05571": 0.0035973875065112, "K13355": 0.003494425559226948, "K03432": 0.0034664083664310515, "K05570": 0.0033401527365678075, "K01616": 0.0032669812148580146, "K03117": 0.0032415407429194697, "K18917": 0.0032159398608010556, "K10027": 0.0030911754075595883, "K05565": 0.003013780527904822, "K07465": 0.0029476787030213707, "K24120": 0.002913585614914288, "K03168": 0.002857619932321753, "K03890": 0.0028520687654397634, "K23205": 0.002719078287951778, "K03635": 0.0026951494321536098, "K14254": 0.0026947958814610515, "K00520": 0.0026856522463310877, "K09931": 0.0026770156819261844, "K02884": 0.002652033072412432, "K07321": 0.0026075619295958283, "K27109": 0.0025971925157718787, "K09167": 0.002530082851434792, "K10780": 0.0024728246870331255, "K00554": 0.0024643995588305516, "K08977": 0.002447312001941669, "K00163": 0.0023611323613023628, "K12503": 0.0023352976592289866, "K14337": 0.0023235767268973773, "K12140": 0.0023229802976856236, "K09812": 0.0022984219325887395, "K06960": 0.002294222305459313, "K13571": 0.002293213990985844, "K12506": 0.0022572302385061613, "K14597": 0.002209078206891219, "K13890": 0.002190441885142963, "K11608": 0.002155480899576482, "K21029": 0.0021536893080158024, "K07092": 0.00211707818156764, "K20712": 0.002101202445930972, "K15526": 0.0020841992122975364, "K14440": 0.0020778333452251994, "K18568": 0.0020704036624612627, "K18472": 0.0020494743098395263, "K02836": 0.0020461543060413118,