{"pos_hif": {"K03337": 0.006478516326348655, "K03338": 0.006280795123026677, "K01834": 0.006045833026975852, "K03336": 0.005654492545878314, "K01911": 0.005535441164918155, "K07676": 0.004973463647396436, "K06042": 0.004876360188432191, "K01661": 0.004830489259555004, "K07768": 0.00459981564104555, "K02551": 0.004328987435790372, "K22311": 0.0041828753084870544, "K16840": 0.004171660219674993, "K11083": 0.004127708501765816, "K09774": 0.004003825142036524, "K11084": 0.0039933460870823995, "K11081": 0.003976397808789523, "K02760": 0.003834945322785094, "K23227": 0.003712357969911694, "K07127": 0.003704442536328882, "K11082": 0.0035909122298183826, "K03491": 0.0035892047712378678, "K02759": 0.0033258634991916586, "K09760": 0.00331962126508734, "K02548": 0.003297171906340516, "K10201": 0.003147510524354736, "K02549": 0.003107162925502026, "K08281": 0.0030702579154196505, "K02230": 0.0030543176619700616, "K00595": 0.0030169412856811324, "K05936": 0.0030043395788137933, "K26605": 0.002995682603525741, "K02564": 0.002973697099175548, "K18287": 0.00293765207928298, "K26606": 0.002916033022061967, "K06902": 0.002897372203137878, "K01222": 0.0028827854914811437, "K01745": 0.0028071690779529258, "K06605": 0.0027633234703941774, "K10006": 0.002680006879481945, "K10008": 0.0026251637799235097, "K10108": 0.0026208930936894824, "K02509": 0.00258074094552082, "K06861": 0.002574261300387935, "K08256": 0.002563091482649842, "K15772": 0.0025472792938402355, "K01468": 0.0025379775651219734, "K06890": 0.002534515969519601, "K25155": 0.0025162725892652897, "K25154": 0.0024927760615598843, "K01223": 0.0024850631419464403, "K03601": 0.0024805712742960993, "K02224": 0.0024622733191294226, "K11719": 0.0024409138822214602, "K19124": 0.002434013589842157, "K00365": 0.002429264903430832, "K10007": 0.0024252718595412937, "K00849": 0.002408785054833165, "K02784": 0.002407576903179593, "K18676": 0.0023738554121645267, "K10200": 0.0023683802925977553, "K02229": 0.0023567802755620013, "K10202": 0.0023199451170008477, "K25156": 0.0023165374968365294, "K21834": 0.002315509467655111, "K02446": 0.002285596765426914, "K06041": 0.0022703835085389097, "K18455": 0.0022562439079135735, "K00865": 0.00225103014637451, "K01816": 0.0022422641410512595, "K03648": 0.0022414726501775338, "K09816": 0.0022405491411339362, "K13540": 0.0022358814436263586, "K05847": 0.0022061133172244286, "K14254": 0.0022040912362287545, "K10109": 0.0021995079499952793, "K05895": 0.002193141448560864, "K02082": 0.0021828253608420873, "K00883": 0.002163723762601743, "K01712": 0.0021478004931986317, "K03527": 0.0020904268871748547, "K03270": 0.0020553598852944754, "K09999": 0.0020550184484610717, "K05845": 0.00205061223192325, "K00075": 0.002039407993399874, "K00657": 0.002028814191639106, "K09997": 0.002026791652151883, "K26039": 0.002023571129262186, "K06891": 0.0020077843221193823, "K00247": 0.0020002862011994434, "K15771": 0.001967816240955925, "K01838": 0.001951298177713272, "K23228": 0.0019387702790244629, "K08483": 0.0019373619654617198, "K06168": 0.0019365174909786252, "K01597": 0.0019243660080068444, "K01208": 0.0019208037825059101, "K10829": 0.0019150396771888249, "K03534": 0.0018993352326685659, "K07106": 0.0018743624916464422, "K15521": 0.0018437916477132164, "K03637": 0.0018362767516129877, "K01631": 0.0018254652400993864, "K15770": 0.0018169047704912683, "K19225": 0.0018136094227485498, "K10190": 0.0018122393575292124, "K01809": 0.0017704230949886189, "K03565": 0.0017498951509103793, "K00965": 0.0017322462128096692, "K18456": 0.001729691252574486, "K00116": 0.0017202063110246743, "K13479": 0.0017112896178202658, "K00848": 0.0017065809145017066, "K01697": 0.0017016814156445318, "K02761": 0.0016928127489183593, "K00151": 0.0016810165338030742, "K00847": 0.0016781971367901911, "K00674": 0.00167562118628618, "K01820": 0.0016684198302076806, "K10188": 0.001633699519741799, "K03743": 0.0016312057822166963, "K22305": 0.0016311720303930626, "K03695": 0.0016247804888400795, "K02510": 0.0016208431564426827, "K10012": 0.0015733707008874795, "K03092": 0.0015569328423006674, "K02081": 0.001551267011297177, "K13541": 0.0015394509776532246, "K03635": 0.001529707863260351, "K01813": 0.0015173867228661748, "K03077": 0.0015094054829154168, "K13570": 0.0014985723797984333, "K07175": 0.0014853654088899308, "K24995": 0.0014769894804170724, "K02188": 0.0014767485101897185, "K03602": 0.0014761870039904782, "K01676": 0.001473767588691556, "K10000": 0.0014695132470612191, "K02552": 0.001463131542263755, "K10546": 0.0014508092013390227, "K13891": 0.0014468667850310363, "K09817": 0.0014348808356298994, "K00619": 0.0014334925612762934, "K01620": 0.0014322594967756258, "K02361": 0.0013993350246817907, "K08302": 0.001388781729804799, "K10111": 0.0013881660468005848, "K01200": 0.0013872400220141163, "K07260": 0.0013711080949993684, "K19123": 0.0013688835880741293, "K09998": 0.0013631592578961002, "K00526": 0.00136195574792066, "K24206": 0.0013594390899355439, "K02189": 0.0013519601613832112, "K15342": 0.0013434506842169881, "K00556": 0.0013428135973304867, "K02024": 0.0013371466775619358, "K07012": 0.0013143275670508788, "K22315": 0.0012597959580475091, "K11741": 0.0012587412587412587, "K10560": 0.0012465539973630587, "K06178": 0.0012447034872771635, "K07677": 0.0012356708391950682, "K19270": 0.0012243928910595577, "K19125": 0.0012153508156873742, "K12582": 0.0012146911371717572, "K10005": 0.0012115817323146156, "K10778": 0.001194720987517036, "K03584": 0.0011895480815334557, "K01756": 0.0011879368347923061, "K05346": 0.0011876140748507539, "K10561": 0.0011831732040408591, "K02804": 0.001177587844254511, "K10110": 0.0011741660880511665, "K01812": 0.0011556711226678221, "K07560": 0.0011463465839629712, "K01664": 0.0011462527643757417, "K19046": 0.0011425688509021843, "K17330": 0.0011377206096678044, "K08680": 0.0011084544846602725, "K05921": 0.0011010857929346994, "K00874": 0.0010982364488608485, "K01284": 0.0010816056247783155, "K02777": 0.00107759178957948, "K09815": 0.0010771679897282336, "K13527": 0.0010524954193577279, "K01048": 0.0010310549560764793, "K11212": 0.0009606813447691362, "K13571": 0.0009401709401709402, "K01961": 0.0009221997526091094, "K05838": 0.0009008558130223712, "K03772": 0.0008987925654592321, "K08485": 0.0008787328475437637, "K20814": 0.0008766162612316459, "K00042": 0.0007994711191058223, "K06194": 0.0007732414005207586, "K19126": 0.0007725441361411963, "K02160": 0.0006613718953640486}, "neg_hif": {"K05560": 0.0051175435790820414, "K05563": 0.003853289567575282, "K06907": 0.0038150749801671977, "K01693": 0.003683363163912896, "K02501": 0.0036465449040462682, "K09710": 0.0033352057196770965, "K16899": 0.0031889443127410444, "K16898": 0.0031439530462855753, "K07447": 0.0031042830030699343, "K04518": 0.0029545524169180084, "K07102": 0.002938460879297105, "K01681": 0.002916902688368571, "K06905": 0.002860714567595711, "K02198": 0.002713658966758243, "K00278": 0.002686063718927569, "K24017": 0.0026783594491927827, "K00231": 0.0025813089637663936, "K05559": 0.002571881411471855, "K02520": 0.0025252615145715243, "K02193": 0.0024576464400030877, "K02276": 0.002422743660625838, "K02196": 0.0023890277858531826, "K02045": 0.0023569661276309183, "K01962": 0.002319951080433985, "K11206": 0.0023192135039081323, "K02197": 0.0022826402629514725, "K14761": 0.002263317856639264, "K03558": 0.0022567074359903048, "K02887": 0.0022459292532285235, "K05562": 0.0022211141834005714, "K02194": 0.0022062720036937346, "K00969": 0.00218293633931494, "K05561": 0.0021454402833541494, "K02047": 0.002100288789708585, "K05516": 0.0020938265318350825, "K06908": 0.00206873258464916, "K02968": 0.00203044727425223, "K03075": 0.0020178860373636824, "K09761": 0.002007471004088817, "K02195": 0.002007223495554627, "K01698": 0.0019774195451003765, "K03439": 0.0019653509621147163, "K02259": 0.0019564208816004046, "K03201": 0.0019522190357490028, "K00767": 0.0019340680232563456, "K00783": 0.001929858727806517, "K01963": 0.001902222735556069,