{"pos_hif": {"K02400": 0.0201341813170441, "K00407": 0.01925197052273793, "K01734": 0.015541207585803431, "K00974": 0.014619959371202916, "K02574": 0.014420358758223685, "K15772": 0.013926939341578756, "K25089": 0.013703909853921066, "K15862": 0.012827280405405405, "K00406": 0.010447680560891279, "K02653": 0.010050251256281407, "K12278": 0.00938265931372549, "K00405": 0.009354440789473685, "K09926": 0.009347700064710958, "K02671": 0.009040645546921697, "K02404": 0.008515410370879122, "K15770": 0.008506004238285849, "K15771": 0.00834558433990252, "K10924": 0.008200698757763974, "K10109": 0.007867132867132868, "K02401": 0.00779733850845578, "K02416": 0.007636225180505415, "K10108": 0.007630715638528139, "K03408": 0.007519775187343881, "K02673": 0.007494371574001566, "K02672": 0.007394375721292556, "K07447": 0.007308651740082744, "K00404": 0.00703750556049822, "K02663": 0.006911418702442932, "K01208": 0.0068890983300099705, "K21575": 0.006801042206110824, "K25087": 0.006757517587508579, "K12276": 0.006683179120111732, "K02669": 0.006662572296978282, "K02652": 0.006539299456767768, "K01198": 0.006396794254306437, "K03412": 0.006344257540603248, "K25088": 0.006293862552966102, "K03223": 0.006167763157894737, "K02405": 0.006147789831606218, "K03407": 0.006119627764790506, "K01579": 0.0061123018067846605, "K03888": 0.006084735576923077, "K00185": 0.006058843085106382, "K02662": 0.006047060114085125, "K25086": 0.0060392130620985016, "K09792": 0.00597837479038569, "K15530": 0.00595281719043152, "K03887": 0.005813292231425703, "K02383": 0.005760198036560596, "K00575": 0.0057080258302583025, "K04765": 0.00570415976821192, "K02654": 0.005684391469038208, "K01181": 0.005601122200144509, "K12285": 0.005498876191507799, "K02411": 0.005481801909307876, "K17320": 0.005446833745874588, "K01918": 0.005360217909102613, "K00691": 0.005356467813940092, "K03227": 0.005261651400862069, "K03226": 0.005196453010948905, "K00975": 0.00513500724871134, "K02390": 0.005015432098765432, "K03222": 0.00494384765625, "K02664": 0.00466358418367347, "K02650": 0.004655283505154639, "K03886": 0.00459958834350323, "K01200": 0.004589127444987775, "K12286": 0.004572510822510823, "K03413": 0.004565593256969959, "K02414": 0.00455683986814712, "K25674": 0.004506611776447106, "K02236": 0.004437554632867133, "K16211": 0.004412470118268746, "K06423": 0.00439824985354423, "K12282": 0.0043389423076923075, "K10927": 0.00421702876376989, "K01811": 0.004196653158188932, "K15532": 0.004181321110086101, "K00705": 0.0041753351826167365, "K03224": 0.004151102405247813, "K03722": 0.004091221569724086, "K02421": 0.004090314136125654, "K02919": 0.004047504535785786, "K03228": 0.003998041775456919, "K01533": 0.003928734955520669, "K17640": 0.003896707043973941, "K00919": 0.003890051095971564, "K03225": 0.0037996277915632757, "K01961": 0.0037986223662884924, "K00703": 0.003756107079143691, "K02655": 0.003753063725490196, "K03604": 0.003732705765279918, "K02406": 0.003681792873051225, "K18650": 0.0036652800324675325, "K10926": 0.0036545586340206186, "K02396": 0.0036205102934735, "K02397": 0.003603955131723381, "K02557": 0.003521353048998569, "K15531": 0.003367003367003367, "K02389": 0.0033590402582718403, "K02418": 0.0033567672854223434, "K00332": 0.0033537084060319047, "K02412": 0.003211663947797716, "K02422": 0.0031874090394566623, "K23301": 0.003156755354020979, "K25670": 0.0031185907815198615, "K06397": 0.0031172712283594394, "K10188": 0.003078448834196891, "K23300": 0.0030707851423487542, "K25673": 0.0030593665311653114, "K06398": 0.00299908788071066, "K02458": 0.002954694681549573, "K25672": 0.0029512451710816774, "K02417": 0.0029331752232142857, "K00847": 0.0029303810813210225, "K02528": 0.0029121044517464887, "K21574": 0.0029069767441860465, "K18197": 0.002898550724637681, "K00702": 0.002897550789120215, "K01235": 0.002885064257469244, "K02399": 0.0028581807856761093, "K02674": 0.002851702175208582, "K17326": 0.002851489757914339, "K00940": 0.002810504375591296, "K12111": 0.0027431640624999997, "K00701": 0.0027351505625413633, "K02459": 0.002730215392061955, "K06973": 0.0027257219145569622, "K15921": 0.002724243515850144, "K01209": 0.0026783594491927827, "K10241": 0.002668051969012266, "K17641": 0.0026633522727272725, "K10240": 0.0026085141903171953, "K06603": 0.0025226010820045557, "K25675": 0.0025200866409952607, "K18820": 0.002509295621657754, "K06390": 0.0024975094088997125, "K02407": 0.002484662576687117, "K03292": 0.0024817904135338346, "K00330": 0.0024407723929035048, "K06395": 0.002440239043824701, "K00688": 0.0024338942307692304, "K15923": 0.0023698903093434345, "K02456": 0.00236328125, "K02195": 0.002333603896103896, "K12604": 0.0023296310240963855, "K00700": 0.0023227468776460627, "K03621": 0.002317840356991973, "K12281": 0.002317497103128621, "K11611": 0.0022994087837837837, "K08296": 0.0022945248983739838, "K03980": 0.0022827611409608093, "K01206": 0.002271892289073306, "K02194": 0.002262746358183376, "K01838": 0.002252593197135636, "K01224": 0.0022259004237288136, "K12284": 0.0022077662970430107, "K10242": 0.0021899248302618816, "K01805": 0.0021862862837285363, "K07040": 0.0021735384031329923, "K21000": 0.002157497303128371, "K01736": 0.002120011737089202, "K25671": 0.0021119324181626186, "K07652": 0.002103269138372838, "K01463": 0.0020893506632434743, "K01193": 0.0020850494233937396, "K06596": 0.002065584606345476, "K02556": 0.002044525215810995, "K02398": 0.002041044689360119, "K04562": 0.002032813702848345, "K05970": 0.002016061358754028, "K08084": 0.0019915101156069365, "K21468": 0.001980064655172414, "K01176": 0.0019681175854849966, "K09817": 0.001965256211180124, "K06392": 0.001962935590205107, "K21087": 0.0019521166752710377, "K02415": 0.001939518682710576, "K04744": 0.001931720890410959, "K06302": 0.0019279436946011282, "K06436": 0.0019178588024429104, "K01201": 0.001807083175981873, "K02341": 0.0018052871801705755, "K24873": 0.0017967253352490422, "K09955": 0.0017873100983020554, "K25010": 0.0017540091638029783, "K22491": 0.0017301304133858267, "K03414": 0.00171661376953125, "K06300": 0.0017070249799357945, "K01735": 0.001701108870967742, "K10189": 0.0016992438867438869, "K02423": 0.0016986487875051378, "K06313": 0.0016924735121731289, "K01812": 0.0016861930545182973, "K00805": 0.0016849902103808355, "K12280": 0.0016806722689075631, "K02660": 0.001646505376344086, "K01880": 0.0016311600049652433, "K13799": 0.0016288610038610039, "K25678": 0.0016189696618037134, "K16212": 0.0016071776257231866, "K06407": 0.0015980113636363635, "K02395": 0.0015896510650224216, "K13626": 0.0015701593137254903, "K08591": 0.0015473542390046296, "K01525": 0.0015368158417630058, "K13991": 0.0015316224905897115, "K02160": 0.0015261431277056277, "K01051": 0.0015248493975903612, "K03563": 0.001522242351046699, "K05739": 0.001510637358757062, "K02455": 0.001508903739184178, "K06405": 0.0015066964285714286, "K03409": 0.0014842296060794044, "K03411": 0.0014823330106485961, "K10110": 0.0014794685990338163, "K19342": 0.0014636728117505995, "K02198": 0.0014324226609657947, "K11527": 0.0014099383047210302, "K05985": 0.0013946280991735539, "K06294": 0.0013871626420454545, "K16511": 0.001349694433032046, "K00331": 0.001343136525877454, "K12279": 0.0013216341341341343, "K01060": 0.0013038719093406595, "K06373": 0.0013010212751495378, "K07152": 0.0012979290109389244, "K03332": 0.0012908893569463548, "K21556": 0.0012835995005257624, "K06380": 0.0012667975729600954, "K04769": 0.0012612396816037736, "K02658": 0.0012577986969964665, "K02385": 0.001257440476190476, "K06403": 0.0012571744075327972, "K02193": 0.0012500594558599695, "K00854": 0.0012398785425101215, "K07568": 0.0012350211466165414, "K03561": 0.0012230897786083958, "K03559": 0.0012230431309904154, "K03484": 0.00122192505005005, "K02460": 0.0012191251154201293, "K03524": 0.0012169003115264797, "K03776": 0.0011909298780487805, "K02568": 0.0011886106377799416, "K06207": 0.001164114238410596, "K00793": 0.0011622694672131148, "K02409": 0.0011452879581151832,