{"pos_hif": {"K05570": 0.03851978027988529, "K05567": 0.037557158010143595, "K05569": 0.032108292276123905, "K05565": 0.028230655826527912, "K05571": 0.023405589789861923, "K05568": 0.022703637589478513, "K27109": 0.011530039056006271, "K00254": 0.009678647976520318, "K09772": 0.007553845148217145, "K01255": 0.006664216548393253, "K05566": 0.006059109179490652, "K15724": 0.005712609114214324, "K03890": 0.005591497127670361, "K19222": 0.005188783395893133, "K02275": 0.005070493068935057, "K23980": 0.004296561620772647, "K03889": 0.004052296864213714, "K05563": 0.003974259515966984, "K27043": 0.003813673674817343, "K01520": 0.0037645352890326536, "K02086": 0.0037400417981778484, "K03891": 0.0037243661267361778, "K06997": 0.0035809539088260487, "K07444": 0.003422875763301295, "K06191": 0.0033181897719392617, "K04082": 0.003283187770125556, "K00839": 0.003282674772036474, "K14977": 0.003247343672875588, "K02083": 0.0032206474870997382, "K05559": 0.00313504125054277, "K22457": 0.003087759926665702, "K01494": 0.003049679275396204, "K05786": 0.0030370344660025682, "K06347": 0.0029517679018932026, "K01243": 0.0029341290794932663, "K13628": 0.0028926226822295793, "K05522": 0.0028753355667472764, "K00098": 0.0028379989588406184, "K06117": 0.002826282488679362, "K00974": 0.0026545970985253717, "K03153": 0.0026317077281946158, "K01466": 0.002631184733813019, "K07220": 0.0026302193415058007, "K01515": 0.0026231419411250363, "K03724": 0.0026150157962192477, "K03306": 0.0025189339871366434, "K02610": 0.002436782889606773, "K02045": 0.0024196619941300795, "K02274": 0.002404981390520296, "K00123": 0.002367689839153632, "K07570": 0.0023114172454840685, "K12736": 0.002308257653259075, "K02058": 0.002272061719294348, "K03709": 0.002255407250781904, "K00761": 0.002200402652556723, "K02001": 0.0021989904634690436, "K10008": 0.0021830595774626795, "K14155": 0.0021710811984368217, "K00015": 0.0021539159883759737, "K00851": 0.002096216329525207, "K05562": 0.0020558673802375665, "K13787": 0.0020433705397052437, "K22550": 0.0020404898481549073, "K19223": 0.0020235666402964566, "K00938": 0.0020210792247266412, "K02609": 0.0019939399399684196, "K03969": 0.001922459546682537, "K02426": 0.001918294471485961, "K06219": 0.0019116438225229874, "K04565": 0.001899696048632219, "K01597": 0.0018788774617978933, "K04044": 0.0018610581628973261, "K02276": 0.0018417229788000628, "K10006": 0.0018282789039467972, "K10007": 0.001827515530709241, "K10005": 0.0018103619001696271, "K09145": 0.0017879492222420883, "K03457": 0.0017680474535205428, "K07794": 0.0017543379245506905, "K02057": 0.0017471788836826486, "K02046": 0.0017329966626275209, "K02291": 0.0017122593718338398, "K10773": 0.0016931337331837957, "K00657": 0.001690322234445011, "K21567": 0.0016819066271572278, "K02002": 0.0016777743695565285, "K23188": 0.0016679488958115248, "K00299": 0.0016620262892670331, "K14162": 0.0016236958463725286, "K00042": 0.0016224092777774996, "K01812": 0.0016197408414653654, "K18398": 0.0016170811684908738, "K03469": 0.0015995531407098967, "K07305": 0.0015574812994459892, "K00681": 0.0015551000212059092, "K07793": 0.0015507722845977297, "K01821": 0.0015487967785027007, "K01354": 0.001547835487199646, "K01284": 0.0015408227752866472, "K16840": 0.0015135026955357925, "K00674": 0.0015010457423939394, "K07173": 0.0014963759644610708, "K03828": 0.0014928767859727478, "K02221": 0.0014764654147090587, "K03593": 0.001450371769677382, "K01425": 0.0014423964743637736, "K26606": 0.0014418717972272926, "K01054": 0.0014405278093893603, "K01434": 0.001419094431159189, "K19788": 0.001419094431159189, "K01556": 0.0014137272920053722, "K01447": 0.0014099830704454863, "K01430": 0.0013894919669995658, "K03825": 0.0013640053616266119, "K03718": 0.0013571260332664115, "K03829": 0.0013564771785274687, "K00040": 0.00135349684574351, "K03647": 0.0013532443504691424, "K00046": 0.0013478996353931485, "K00936": 0.001342155872756519, "K20023": 0.001339269365782714, "K21062": 0.0013349588203818421, "K13643": 0.0013329581986153839, "K09793": 0.0013268010129262027, "K08177": 0.0013236000454643784, "K26605": 0.0013113214801743571, "K03449": 0.0013095777016102956, "K05921": 0.001305185522799312, "K01429": 0.001297551196504397, "K13566": 0.0012947013336435222, "K16422": 0.0012925506669763402, "K05881": 0.001292419832379234, "K00995": 0.001292419832379234, "K02056": 0.0012861192575220174, "K21147": 0.0012633605390338298, "K11963": 0.001258480591529424, "K08369": 0.0012497492786940892, "K01777": 0.0012218392451748663, "K21834": 0.0012217238565890654, "K14267": 0.0012000265749829754, "K01707": 0.0011971007715688568, "K06016": 0.0011879402070095804, "K02823": 0.0011825463548932474, "K22293": 0.0011631023939009818, "K15967": 0.00115886471357195, "K24131": 0.0011586741686272117, "K07127": 0.0011586741686272117, "K01625": 0.0011558713986043923, "K18567": 0.0011383946358844758, "K07120": 0.0011359350387149735, "K00365": 0.001134031752889081, "K05878": 0.0011230956373489967, "K12369": 0.0011175820011291833, "K05834": 0.0010732627607169059, "K03743": 0.0010546227631116393, "K22153": 0.001051507434486158, "K05810": 0.0010334346504559271, "K00453": 0.0010322876641624132, "K02611": 0.0010245232844911013, "K01808": 0.0010214179684738813, "K22549": 0.0010075890153259592, "K03188": 0.0009988645719123965, "K03189": 0.0009727790175941728, "K00060": 0.0009559158495328708, "K18446": 0.0008801798125125631}, "neg_hif": {"K03320": 0.01121203892679765, "K03685": 0.006447151761773763, "K03551": 0.005900129262641693, "K18929": 0.005367069196856431, "K03584": 0.005156033673355718, "K00560": 0.004615939415795168, "K03470": 0.004404268159580888, "K06187": 0.004189974555211231, "K02343": 0.0040291813458976635, "K03210": 0.003661520046144193, "K01949": 0.0036575763476729517, "K08681": 0.00364741641337386, "K15342": 0.003633957312217499, "K04752": 0.003565702400039619, "K03367": 0.0035494541623892054, "K01778": 0.003499604446850148, "K00287": 0.0034430465429599786, "K02237": 0.0033130443452008148, "K10026": 0.003263336481774109, "K00997": 0.003242019347970315, "K03980": 0.0032335251891612237, "K03072": 0.0031305690091011974, "K14652": 0.003070918247176393, "K01736": 0.002993090237394814, "K03713": 0.002966987321074181, "K00957": 0.002965379197864927, "K00759": 0.0029642495295990738, "K03648": 0.002915743347939819, "K07171": 0.0028863366051155134, "K03565": 0.002882573561675864, "K00940": 0.0028412278069843587, "K18889": 0.002826928643797945, "K09691": 0.0028042121401038725, "K02341": 0.0027703689912942824, "K01710": 0.002760483340184842, "K07462": 0.0027543046195718603, "K09825": 0.0027497656449734396, "K06215": 0.0027457316866476085, "K00425": 0.002735911278305689, "K01737": 0.002719246829056059, "K09118": 0.002718571239781759, "K03177": 0.002717594741491608, "K07560": 0.0026961652826351552, "K02528": 0.0026910816220624212, "K03705": 0.002689441718575485, "K00265": 0.002684555750765844, "K00554": 0.0026845019865314704, "K00869": 0.0026650808334434607, "K09690": 0.002638957611743361, "K01933": 0.0025912078256269556, "K03572": 0.0025825238591196038, "K03110": 0.0025780870647633715, "K02372": 0.0025568441238243084, "K01772": 0.002549609393519567, "K09951": 0.0025397005997756933, "K07030": 0.002520347804314968, "K02919": 0.00248500780415674, "K11065": 0.0024763223174249687, "K00794": 0.002462877440452698, "K02968": 0.002456071408521866, "K18928": 0.0024548521459983367, "K03637": 0.0024518743667679838, "K01153": 0.002425621752736311, "K03673": 0.0024190016060312448, "K23997": 0.0023942015431377135, "K13788": 0.0023881893182805037, "K06941": 0.002383215478192447, "K03060": 0.002365748503900646, "K08998": 0.0023655681418800188, "K03635": 0.0023613426152890808, "K02884": 0.0023256151627204617, "K03074": 0.002322591348347227, "K01880": 0.0023150700033072427, "K00640": 0.0023086643215737166, "K02939": 0.0023081306990881457, "K12428": 0.0022896524879936347, "K07447": 0.0022764822358713062, "K07012": 0.0022465970662085373, "K03575": 0.002228059800024756,