{"pos_hif": {"K05781": 0.07570385818561001, "K06163": 0.06540564581534677, "K06165": 0.061892099298627594, "K06164": 0.05133101317153798, "K06166": 0.0502704550481591, "K05780": 0.04585906793935991, "K02043": 0.024044654358093602, "K05774": 0.01643112284516229, "K06162": 0.01486919350878368, "K03187": 0.012605647330003843, "K01430": 0.012603156627691693, "K02042": 0.012068479142423922, "K11961": 0.011977375628317289, "K11962": 0.011621442278376585, "K03190": 0.01139855213657279, "K02041": 0.010906051265297563, "K11960": 0.010788555451216257, "K01429": 0.010445182938459927, "K00673": 0.00976883039747417, "K03188": 0.009608152438679367, "K11963": 0.008486043785832613, "K11959": 0.008458885855080662, "K02044": 0.008400289410797365, "K03189": 0.008253790005614823, "K19229": 0.007599771231376199, "K01427": 0.007143016585191634, "K06447": 0.006996561689683926, "K00840": 0.00676115111238763, "K10023": 0.006477875464139777, "K01484": 0.006094500999143074, "K10024": 0.005831951160908198, "K07823": 0.005565505692229131, "K01428": 0.005099490050994901, "K10022": 0.004878336815378657, "K00304": 0.0047457461611698365, "K02609": 0.00460939328807644, "K00305": 0.004216770988966628, "K02611": 0.004178589827949421, "K02001": 0.004102983140203385, "K00748": 0.004054582291158354, "K02610": 0.004049547639032656, "K02618": 0.004046719375186528, "K07127": 0.003990096068988665, "K10003": 0.0039800819272781335, "K00151": 0.003955938531245846, "K05921": 0.003908869719088697, "K00140": 0.003864263954889247, "K10002": 0.0038048968393413754, "K21825": 0.0037363176049307434, "K02002": 0.003637805543962653, "K00677": 0.0035640403182061, "K02000": 0.0035464319891918266, "K16842": 0.003490725495658108, "K06016": 0.003431964228372851, "K01032": 0.0033901909984836733, "K05526": 0.0033677425148804325, "K23466": 0.0032053482217086547, "K01712": 0.003166309035353127, "K00303": 0.0031338099231464456, "K00302": 0.0031277970033895238, "K13931": 0.0030989521553418534, "K02616": 0.0030966600309666, "K22085": 0.003068724269441568, "K02624": 0.003052794742128725, "K13932": 0.0030172927263499892, "K01745": 0.002958861202002405, "K01031": 0.002923186130596384, "K03974": 0.0029207186584906753, "K01457": 0.002918091358084568, "K16841": 0.0027887942177899764, "K21832": 0.002696411455535543, "K00244": 0.0026833927802378615, "K01466": 0.0026691775266917753, "K13929": 0.0026361729798127734, "K10004": 0.0026335693521783903, "K13934": 0.0025940950560196176, "K00446": 0.002554592647268773, "K22087": 0.0024970135717681655, "K06142": 0.002484478255997613, "K01856": 0.0023974351294843163, "K02168": 0.0023690613394800873, "K13933": 0.0023611339784985574, "K02444": 0.0023043150230431498, "K00123": 0.002288639410641496, "K21826": 0.0022878642653028853, "K01969": 0.002287358069748581, "K19228": 0.0022761164743740677, "K11475": 0.0022475300581132193, "K09470": 0.0022377324311364487, "K22086": 0.0022347402940865336, "K03381": 0.0022126857770114047, "K13485": 0.0022110648175794963, "K01483": 0.002207726625850851, "K02509": 0.0022042727806634173, "K00253": 0.0022006467150533864, "K02083": 0.002185143167012722, "K06446": 0.002179157306136621, "K18013": 0.00216766202167662, "K05549": 0.002141804598882835, "K21833": 0.0021318781583380127, "K00864": 0.0021289537712895377, "K02617": 0.0021077818553319624, "K01468": 0.0020900547264329685, "K02167": 0.0020896518698030795, "K11206": 0.0020734158468211153, "K05836": 0.0020624559360498357, "K16135": 0.0020582480127960506, "K05550": 0.002052852952925369, "K13021": 0.0020337325149143316, "K07246": 0.0020226328874489077, "K00245": 0.0019893425392133635, "K00042": 0.0019671145798707715, "K03863": 0.001960475415288207, "K22084": 0.0019571187454399137, "K19226": 0.0019287589272754559, "K22083": 0.0019204479895653045, "K01473": 0.0019200521025338545, "K00247": 0.0019125219261019635, "K00124": 0.0019074747577507056, "K01487": 0.0019071774171141888, "K21054": 0.0019042720840833712, "K13936": 0.0018961655855620533, "K12256": 0.001883180551880846, "K03710": 0.00187280490145726, "K01464": 0.0018608381247536326, "K03192": 0.0018541752937322692, "K00822": 0.0018478210042190653, "K12972": 0.0018361989164908873, "K00285": 0.0018338819712799962, "K06995": 0.0018010788094501501, "K00549": 0.001790226343361581, "K14727": 0.0017878778923727061, "K00208": 0.001778502352810404, "K13930": 0.0017764984064973786, "K01438": 0.00176452942941, "K01644": 0.001762011446191543, "K05783": 0.0017618927762396174, "K19227": 0.0017104364780493988, "K00148": 0.0017049389951515797, "K00246": 0.0016968524088993597, "K03464": 0.0016919763962301086, "K15735": 0.0016902957140183417, "K00851": 0.001689818263071652, "K05603": 0.0016652327162720987, "K00479": 0.0016619467379309428, "K12542": 0.0016582080311687902, "K14977": 0.001644433257823643, "K01857": 0.0016431257307169718, "K10020": 0.0016417150801926609, "K17724": 0.00163878228442906, "K22293": 0.0016192517405692489, "K01821": 0.0016172751784146399, "K11477": 0.0016141009386140223, "K03969": 0.0016138262090316631, "K10017": 0.0016109652144680653, "K08316": 0.0016108943965845385, "K03457": 0.0015960503075056925, "K01041": 0.0015891008867182947, "K02510": 0.0015862954636241488, "K12541": 0.001575335771567311, "K08348": 0.0015584377078920694, "K03712": 0.0015410140900054962, "K01029": 0.0015267884188823419, "K05846": 0.0015262398912415111, "K03299": 0.0015223803504193342, "K01608": 0.001507012220126302, "K01968": 0.001484926495255651, "K08349": 0.001483591478250549, "K16840": 0.0014738617919601447, "K11903": 0.0014718221183288962, "K07649": 0.0014629017265288086, "K01028": 0.0014561393733400197, "K18336": 0.0014402586586978886, "K11076": 0.0014351867424624665, "K16514": 0.001434482220227175, "K22131": 0.001419671835690343, "K09967": 0.001417047375141151, "K01584": 0.0014099193702360147, "K17735": 0.0014066000219962143, "K23470": 0.0013989474585787834, "K26061": 0.0013983276001901727, "K13482": 0.001386218108666192, "K00481": 0.0013853952000421714, "K24967": 0.0013809429867824028, "K02020": 0.0013726345289075401, "K14056": 0.0013707549432850144, "K25960": 0.0013669045080510675, "K13481": 0.00135533089590625, "K11074": 0.001354803798213617, "K01433": 0.0013492771586937561, "K10680": 0.0013461078972785065, "K11075": 0.0013319835899621717, "K00146": 0.0013285693509270508, "K22187": 0.0013277435330591545, "K13821": 0.0013221319377496213, "K09461": 0.0013187479806671548, "K22443": 0.0013187184454380241, "K19338": 0.0013154682224972428, "K01799": 0.0013147632745385202, "K12369": 0.0013133720641541288, "K03743": 0.001307550528982642, "K11901": 0.0013052389342346554, "K13766": 0.0013048974432165721, "K01640": 0.0013038568551438318, "K11073": 0.0012910273598490491, "K23997": 0.001282805633743089, "K01434": 0.0012758565241345133, "K01008": 0.0012725366236040275, "K00111": 0.0012683128850235544, "K26606": 0.0012657880418549608, "K00147": 0.0012632633306049836, "K02018": 0.0012557883996546582, "K03809": 0.0012508622198428958, "K16066": 0.001247960689238289, "K14063": 0.0012283397699011263, "K02196": 0.0012215929167802445, "K25961": 0.001211052709627457, "K05784": 0.001200657297454334, "K23536": 0.0011926911883975004, "K12254": 0.0011907134193894396, "K12370": 0.0011862715418166326, "K11179": 0.001181710022830316, "K12372": 0.0011811116622965534, "K20329": 0.0011796800117968, "K22082": 0.0011739879490137034, "K00836": 0.0011739879490137034, "K11730": 0.0011701119964339444, "K00299": 0.0011688373646295501, "K08683": 0.0011669107860238124, "K11921": 0.001160054040377519, "K07789": 0.001156242134407249, "K07160": 0.001150015206812652, "K05847": 0.0011461305635539147, "K00526": 0.0011449835408616, "K18622": 0.0011407961479420951, "K02528": 0.001138287730681123, "K12543": 0.001134836765079711, "K01477": 0.0011300303976040792, "K02379": 0.0011297780573601877, "K03417": 0.0011247671380534498, "K21699": 0.001124730294266171, "K01040": 0.0011122697254084117, "K03620": 0.0011119095344351577, "K05020": 0.001107822739206167, "K10218": 0.0011061780419896155, "K01458": 0.001102192536503239,