{"pos_hif": {"K01819": 0.020084431877016206, "K01804": 0.014658997659070371, "K03077": 0.013580580420971902, "K00853": 0.013522401751637833, "K02786": 0.013147306492400476, "K02530": 0.01310834091917877, "K02788": 0.011945011014114383, "K03534": 0.011924638600312973, "K02103": 0.011912573199795017, "K01209": 0.011894603995444331, "K25089": 0.011799183959298007, "K01220": 0.011071515743226751, "K12111": 0.010422134759711457, "K00848": 0.009818503143058368, "K00849": 0.009180813831620838, "K18650": 0.009075411495948324, "K15532": 0.008978825343086876, "K00917": 0.008841658083622911, "K09704": 0.008776368417973404, "K15772": 0.007669388053687691, "K01811": 0.007455845427902891, "K01805": 0.0073321967925410745, "K15923": 0.00728668598833716, "K01193": 0.007284544370294163, "K01224": 0.007270674517759043, "K01635": 0.0071385722855428916, "K02531": 0.007064935064935065, "K00965": 0.007030492196878751, "K12113": 0.006742652975958936, "K25670": 0.006729343622149524, "K05970": 0.006627256580865786, "K15530": 0.006539369358435333, "K17320": 0.006538860227096713, "K01820": 0.00646941121252236, "K01235": 0.0064098375089267365, "K21574": 0.006312481531530036, "K02429": 0.006297350896281378, "K01191": 0.006258616374764744, "K02100": 0.0062297976561721275, "K15771": 0.006154922927706355, "K25672": 0.0058453424625847196, "K25010": 0.005762750162651988, "K03332": 0.0057058860370101565, "K00691": 0.005705876566830543, "K15921": 0.005670534505739763, "K15770": 0.005654181034026378, "K00854": 0.0056173876652473274, "K01818": 0.005570127632643015, "K09955": 0.005454073521300412, "K17236": 0.005425762798416954, "K21575": 0.005327350647316184, "K00847": 0.005294493392337463, "K01629": 0.005197441654901267, "K17235": 0.005192252339532305, "K10188": 0.005165816326530612, "K16211": 0.005129587896389053, "K16212": 0.0051151775231772, "K18581": 0.005082278269397945, "K25674": 0.0050735722860572804, "K12309": 0.004968769254411729, "K25063": 0.004959360793497727, "K01813": 0.004937538073819399, "K10190": 0.004887768306024177, "K10189": 0.004746703235373846, "K25062": 0.004712165239927747, "K01181": 0.004656108597285068, "K01838": 0.004646299680041978, "K10111": 0.004584037471738006, "K13020": 0.004505606277092971, "K25673": 0.004489904990957201, "K25671": 0.004470524853561789, "K10548": 0.004464473961627662, "K17641": 0.004463036064187741, "K12448": 0.004455931209693179, "K27069": 0.004448430315522436, "K01730": 0.004361914257228315, "K20525": 0.00431493664623163, "K10108": 0.0042747131856042744, "K10559": 0.0042298680478480705, "K17326": 0.004227356984069425, "K10547": 0.004216714934561395, "K12604": 0.0042123504393000635, "K10546": 0.004196345204748566, "K15531": 0.004191626272675318, "K10109": 0.004142965302748365, "K17234": 0.004139671135629824, "K18479": 0.004076291934096474, "K25064": 0.004066142586066685, "K17245": 0.004052802223251505, "K17640": 0.004039046349018196, "K16209": 0.004030201824319472, "K25675": 0.004026446399455305, "K02856": 0.004017438833940656, "K10241": 0.003993870093127432, "K16213": 0.003987935656836462, "K10242": 0.003987338178514648, "K10240": 0.003973445311996083, "K03484": 0.003958141747264944, "K01625": 0.0039195794521811305, "K17244": 0.003901319563970167, "K10560": 0.003827471582692483, "K00879": 0.0038238235520379393, "K26349": 0.003819709702062643, "K19355": 0.0038025795276327807, "K10561": 0.003802379196615965, "K01812": 0.0038022847119491268, "K25678": 0.0037872951839938215, "K25677": 0.003742167598746816, "K01208": 0.003687410448050188, "K01815": 0.003671368116830663, "K05991": 0.003666096527106418, "K25087": 0.0036088247041593897, "K16043": 0.003596802762709839, "K01218": 0.003552275781087783, "K01192": 0.0035480311702641197, "K01685": 0.0034911462267947033, "K02796": 0.0034750897898125615, "K25088": 0.003452737402264099, "K10820": 0.003415238579915698, "K17328": 0.003407101060319416, "K02024": 0.0033733898281066224, "K02775": 0.0033446214306618173, "K23509": 0.0033267194981406014, "K02794": 0.00332648263475677, "K17246": 0.003276861203196875, "K01051": 0.003256329868578517, "K10562": 0.0032492581293838987, "K18197": 0.0032479801342378493, "K25086": 0.003224203919702769, "K17316": 0.00322231248307609, "K15524": 0.0031599788509781425, "K01133": 0.0031553690576621783, "K23508": 0.003134904627441941, "K02564": 0.003129957448076764, "K02431": 0.003127017641823861, "K25676": 0.0031236035973501433, "K24707": 0.0030937215650591447, "K02795": 0.003090106465853025, "K10194": 0.002963738686964147, "K01130": 0.002963339436851791, "K01201": 0.002959461384187207, "K03604": 0.0029576813890539377, "K01728": 0.002949492943410747, "K21571": 0.002945706584520601, "K17327": 0.0029453581519150282, "K06285": 0.0029175689096563066, "K17317": 0.0029007089902554307, "K01060": 0.002897281953988792, "K02774": 0.002804984062590554, "K02773": 0.002759175465057818, "K18785": 0.0027049003449537614, "K18676": 0.0026959575797686508, "K00041": 0.002633527987466173, "K14391": 0.0025922965587263183, "K01227": 0.002561659080761567, "K10227": 0.0025340977512500326, "K01628": 0.002525437582795456, "K21000": 0.002494215077335282, "K10229": 0.0024895038351989613, "K05350": 0.002481714589034958, "K13059": 0.0024743992213524884, "K17315": 0.00247007264063468, "K02821": 0.002457910786175622, "K21557": 0.0024571628311766134, "K08138": 0.0024291668539073385, "K02082": 0.0023932440714233777, "K21065": 0.0023844157687200333, "K00874": 0.0023348226234841153, "K01443": 0.0023228577005660746, "K03475": 0.0023038138332255975, "K10228": 0.002268625140248583, "K17108": 0.002242968471854108, "K03078": 0.0022425883672707986, "K06896": 0.002224113274001584, "K01200": 0.0022026558063498436, "K06201": 0.002198371665814451, "K10110": 0.0021701834768137083, "K00065": 0.0021345436570350063, "K07046": 0.0021339430538675794, "K26172": 0.0021095999205797676, "K01186": 0.0020835452825197875, "K00096": 0.002083086755829092, "K16044": 0.0020297552465408826, "K25031": 0.002029220779220779, "K01809": 0.00200910239614518, "K00118": 0.0019985697735058344, "K00805": 0.001991789842270163, "K08257": 0.001984137917462067, "K24995": 0.0019758667633524136, "K01444": 0.0019571943775778407, "K18673": 0.001948486005972637, "K23003": 0.0019424570165761533, "K19052": 0.0019059504225991265, "K01686": 0.0018970799021949915, "K05346": 0.0018868300805934953, "K22994": 0.0018795560077543723, "K01195": 0.0018777410412754137, "K01217": 0.0018714234159921636, "K18334": 0.0018590869183494297, "K03476": 0.0018505150183509601, "K26059": 0.0018401887070617722, "K19694": 0.0018380557964812717, "K02466": 0.0017831673448218373, "K01810": 0.0017669490794264319, "K07406": 0.0017633282821325252, "K00008": 0.0017601101316547408, "K08302": 0.001748634753616004, "K02822": 0.0017301481261960852, "K02854": 0.0017110916764896005, "K02793": 0.001689825770903473, "K18206": 0.0016798520286591943, "K26288": 0.0016736153648560534, "K03490": 0.0016619821581327142, "K00883": 0.0016500188874370675, "K02782": 0.0016393709186460965, "K20885": 0.0016298796214254674, "K06398": 0.0016293347584401814, "K20108": 0.0016177594032265312, "K10532": 0.0016033730565396891, "K23248": 0.0015845052411030153, "K18855": 0.0015806612920930346, "K01176": 0.0015803388804202035, "K08323": 0.0015613208532929614, "K15924": 0.0015549156725627312, "K16559": 0.0015516976021177702, "K01631": 0.0015259987490141688, "K18910": 0.001514857953905423, "K10236": 0.001495228847403427, "K01684": 0.0014892535464091118, "K19265": 0.0014551687272900406, "K00068": 0.001445974535424448, "K26060": 0.001414140019195846, "K18478": 0.0013879863872154367, "K18333": 0.0013733614505070629, "K02081": 0.0013633064356931787, "K00064": 0.001346896877111998, "K16210": 0.0013431661324323544, "K19776": 0.0013377445809260354, "K23007": 0.0012765715423225129, "K00078": 0.001250110238998148, "K03337": 0.0012434285714285715, "K11537": 0.0012352941176470588, "K01222": 0.0010956313084946637, "K03453": 0.0010838125542918166, "K15460": 0.001082748393475037, "K05946": 0.0010787202581567386,