{"pos_hif": {"K05563": 0.02509537226724661, "K00673": 0.02347823837973445, "K05562": 0.01821992731937741, "K05560": 0.017687953734465363, "K05561": 0.0171744570913802, "K13485": 0.016387163766664492, "K05559": 0.016335395556908067, "K07127": 0.013822944244633182, "K10004": 0.013588224200736484, "K06447": 0.012505379477272904, "K10002": 0.01196440541211983, "K10003": 0.011789868571381796, "K00840": 0.011689092068037822, "K05569": 0.010010825038808633, "K05567": 0.009534028071458428, "K16842": 0.009507164913765458, "K21825": 0.009406473525735733, "K05568": 0.00857696924000734, "K27087": 0.007407566177258599, "K01483": 0.007231305584048295, "K27085": 0.006737318806956329, "K27086": 0.006349883670131163, "K23124": 0.006343920122425429, "K02386": 0.006075277404195522, "K07160": 0.005927656773642741, "K11896": 0.005821309089272765, "K01477": 0.0057990962995055914, "K01487": 0.005756091119839256, "K01484": 0.005714839315165199, "K10001": 0.005562527256383556, "K18456": 0.005435403116372655, "K10017": 0.005423801376054568, "K05570": 0.005397589848379093, "K12510": 0.005379406150848462, "K12511": 0.0053151122443821286, "K14743": 0.005283592843133331, "K12372": 0.005222930651645717, "K05571": 0.005080942806197937, "K02282": 0.005071188267840585, "K12371": 0.004970523406745859, "K11895": 0.004928321574128832, "K01608": 0.0048973809804880525, "K05564": 0.004893386879624409, "K11891": 0.004884343933285273, "K13482": 0.004823920265780731, "K06906": 0.00480592092784207, "K00242": 0.004751939388069904, "K11892": 0.00473564394749239, "K06905": 0.004676560878111266, "K02398": 0.004649275566732116, "K11907": 0.004549527261056207, "K05565": 0.0045368077458235526, "K00234": 0.004524640437717067, "K14977": 0.004513299433813422, "K13481": 0.004503076094077696, "K03225": 0.004503076094077696, "K14956": 0.004471077716024467, "K15371": 0.004456137162686953, "K12370": 0.004335528156468664, "K16840": 0.004292741794164458, "K11906": 0.004160600050655935, "K03224": 0.004120233771396562, "K10024": 0.004109618247467545, "K11897": 0.004097217876087109, "K11893": 0.004059708616712263, "K02399": 0.003978556566525411, "K17060": 0.003930398712020947, "K11890": 0.003893081209188659, "K15357": 0.0038390550018456994, "K23123": 0.003778216635953933, "K24206": 0.0037726150588645846, "K11902": 0.0037200518259876583, "K27080": 0.003707368922608903, "K00365": 0.0036973735589140885, "K11901": 0.003690918451896159, "K11900": 0.0036777399455289075, "K06908": 0.003620953711675009, "K03598": 0.0035831424924227594, "K01466": 0.003536669739148503, "K04056": 0.0035173550990393403, "K03610": 0.003512433566467034, "K02387": 0.0035038659086361825, "K01782": 0.0034552373652940675, "K13778": 0.003438137089986235, "K06907": 0.0034327573613348833, "K13779": 0.00339731663025306, "K03230": 0.0033671545299452277, "K01548": 0.0033398372268804164, "K03597": 0.003306795325571203, "K18028": 0.0032666126730687647, "K12369": 0.003234882647029248, "K03226": 0.0031928113813264967, "K02083": 0.0031558960092863153, "K10006": 0.003133981507555793, "K03608": 0.0030891453083648638, "K02279": 0.0030858265530569976, "K00235": 0.0030511829638081795, "K07670": 0.0030339121168432275, "K00042": 0.0029663608775819176, "K10023": 0.002965518313951484, "K07654": 0.002950409948489744, "K07351": 0.0028329733166588766, "K03609": 0.002809513220205979, "K17061": 0.002805857075081316, "K21054": 0.0027923393723846787, "K13777": 0.002777108760894153, "K07008": 0.0027341437573562746, "K13479": 0.0027143564006503144, "K17324": 0.0027064122639138587, "K03518": 0.0026836422642451474, "K13774": 0.002661368792267415, "K00446": 0.0025350932327676515, "K03812": 0.002516862981979261, "K05566": 0.0024768916270510566, "K00241": 0.00246303919312638, "K09160": 0.0024447689319572314, "K11075": 0.002405609839336656, "K01547": 0.0023998103246372954, "K03227": 0.002385056602251993, "K25623": 0.0023209657427612587, "K10007": 0.0023162615264848744, "K05526": 0.002302973882070766, "K17325": 0.0022923959980807847, "K10022": 0.0022709454892073837, "K10008": 0.0022647512984886064, "K03229": 0.002260666064373681, "K17321": 0.0022393468359139922, "K12297": 0.0022300539013318495, "K09159": 0.0022056530308437747, "K09902": 0.0021949982724025737, "K10016": 0.0021850083916988955, "K03220": 0.0021646214067415816, "K07667": 0.0021595274379901013, "K06903": 0.0021586822379312588, "K11910": 0.0021404781754178893, "K11903": 0.0021389611983471195, "K07646": 0.002138359715598966, "K05780": 0.002131703006873676, "K03223": 0.0021304145200939004, "K11076": 0.002127607515986311, "K01716": 0.002119619134323702, "K01816": 0.00209708328277499, "K24843": 0.0020724436804799786, "K03228": 0.002053145347629477, "K02280": 0.0020246350517632494, "K06165": 0.0020213932376467294, "K03596": 0.0019963105296623785, "K06351": 0.001990454462433724, "K13490": 0.0019774867608075147, "K16878": 0.0019701769296144632, "K00025": 0.0019575115841764107, "K00236": 0.0019571482393005153, "K00254": 0.0019303259918911756, "K03520": 0.0019293934022616191, "K03457": 0.0019278320080343824, "K16841": 0.0019226465786292273, "K00260": 0.001915177344050513, "K07345": 0.0019118689966899946, "K13489": 0.0019096722435320553, "K06163": 0.0018978772010883513, "K06166": 0.0018809183618733669, "K24844": 0.0018717655890621006, "K01546": 0.0018699869366850831, "K12368": 0.0018628069307062432, "K07347": 0.0018597811513342848, "K00151": 0.0018577960708842268, "K14449": 0.0018224150826204513, "K12518": 0.0018138530674410237, "K01799": 0.0018125008988796362, "K10005": 0.0018085709134924928, "K03685": 0.0018079883093455097, "K05781": 0.0018076479040816831, "K11894": 0.0018038184535494068, "K00087": 0.0017953509309130119, "K11263": 0.0017921357202405393, "K03519": 0.0017673296490588269, "K02281": 0.0017578331134148267, "K24845": 0.0017558677455043524, "K12212": 0.001755429499920208, "K06164": 0.0017464373711024404, "K09016": 0.001729810886787631, "K17322": 0.0017254005035761935, "K13491": 0.0017106756723881044, "K09386": 0.0016987755639840758, "K09927": 0.001693165785980703, "K00299": 0.00168834990328167, "K11074": 0.001688196986011047, "K07320": 0.0016869710339747538, "K15916": 0.001685125661542301, "K13995": 0.0016589822168640697, "K00245": 0.0016573781463174544, "K03600": 0.0016532115355790348, "K22131": 0.0016432254928754944, "K12519": 0.0016421164055655019, "K13488": 0.0016405220758020198, "K09906": 0.0016363827588980245, "K17323": 0.0016269526010606467, "K11529": 0.001626167619816782, "K03222": 0.0016213016736293996, "K07140": 0.0016078673322489578, "K01644": 0.0015903078581564133, "K12513": 0.0015849025648645365, "K02837": 0.0015812389672355048, "K00758": 0.0015731569741567568, "K23466": 0.0015718818191588282, "K02401": 0.0015714512421093837, "K00247": 0.0015696072778525211, "K02394": 0.001566638883999312, "K14974": 0.001564134876083553, "K00481": 0.0015548290324887749, "K03863": 0.0015520978976128479, "K02043": 0.0015506126822065563, "K07141": 0.001548237267361223, "K09791": 0.0015437532852600906, "K10015": 0.0015381455207332327, "K15540": 0.0015366673526788777, "K01545": 0.0015309470000729024, "K22130": 0.0015133252724366922, "K11914": 0.001511922215058444, "K11731": 0.0015117268147228865, "K21948": 0.001503400413221966, "K22210": 0.0014915632001403095, "K00374": 0.0014909595784292071, "K00244": 0.0014884673549339714, "K00255": 0.0014849400895912525, "K05517": 0.0014827178127774488, "K19168": 0.0014715131046320522, "K02380": 0.001464506068208014, "K21695": 0.0014560808298995497, "K00839": 0.0014376074299030498, "K23535": 0.001433884482681364, "K13486": 0.0014333262495164914, "K03684": 0.0014173186153681279, "K02651": 0.0014164968986476914, "K07068": 0.0014112683346870873, "K02421": 0.0013846752984504136, "K01795": 0.001384014926272442, "K05847": 0.00138261995508314, "K02624": 0.0013692102887241178, "K00371": 0.001365439216281237, "K02278": 0.0013613284919105177, "K19293": 0.0013361662921372141, "K02392": 0.0013055647250814263, "K02575": 0.001303347814975722, "K11475": 0.0012809345023398141,