{"pos_hif": {"K15771": 0.11638103952769421, "K15772": 0.11574338473253379, "K10109": 0.054751183719786434, "K15770": 0.05346948566869538, "K10108": 0.03665309088914487, "K00691": 0.033124598537756886, "K21575": 0.022617128798915358, "K16211": 0.022224025144759657, "K01208": 0.018173220124922947, "K10110": 0.01493886498162367, "K01838": 0.012913425710546567, "K12308": 0.01221052894618956, "K02794": 0.011568401414427328, "K10111": 0.011053448314148439, "K01193": 0.010960448220840887, "K02796": 0.01064123245201101, "K25087": 0.010495623011628544, "K01805": 0.010441411443194094, "K25089": 0.010253926029949904, "K10190": 0.009567717090632966, "K25088": 0.00952908691798735, "K01812": 0.00952297449087625, "K00849": 0.0094493238174843, "K00854": 0.009319952386624348, "K01625": 0.00871799400586167, "K12113": 0.008471614104109822, "K25086": 0.00837570627228232, "K03484": 0.008241026853506282, "K10188": 0.008061326330858033, "K01815": 0.008054298511942556, "K01811": 0.00799721309240719, "K10189": 0.007955534113409974, "K00874": 0.007827146318294956, "K12111": 0.0077933388482335445, "K21574": 0.00770260252826341, "K00847": 0.007489296345505742, "K00965": 0.007397013165879666, "K01224": 0.0073859612349184275, "K05775": 0.007236269029530023, "K15532": 0.0072132612167899145, "K01198": 0.007109661065774075, "K01209": 0.007036205590447888, "K03077": 0.006909624084924513, "K01804": 0.0069004284827093336, "K01685": 0.0068383150165097824, "K02795": 0.006693537780363446, "K00705": 0.006104117826274371, "K01200": 0.005874433728288014, "K02024": 0.005695945144330479, "K03332": 0.005678434735466272, "K03604": 0.005616867992406936, "K02810": 0.0056039587628051325, "K01176": 0.005368518445283715, "K23508": 0.005351546654279612, "K10820": 0.005322107605177993, "K18650": 0.0052804495308840195, "K03292": 0.0052289546010880405, "K01235": 0.005126942596318919, "K00065": 0.005097218719791535, "K23509": 0.005074543578069586, "K02103": 0.004908271837011001, "K05350": 0.004904909115565623, "K00853": 0.004829317386760695, "K09704": 0.004675226556688826, "K02759": 0.004668144958309352, "K00700": 0.004650789253139962, "K17320": 0.004536269998790327, "K01443": 0.004528838420224059, "K02760": 0.0044159112415333174, "K15921": 0.004399291734397854, "K03534": 0.004332270790250704, "K10548": 0.004311361175122461, "K02082": 0.0043071388911421985, "K12309": 0.004302844214455168, "K00701": 0.004302266008598168, "K27069": 0.004209241594463713, "K02814": 0.004194746414408024, "K02564": 0.004162677307552344, "K18581": 0.004089591794068427, "K00041": 0.004011525080533275, "K17641": 0.004011447324725049, "K12448": 0.004002344661895672, "K09955": 0.003939461368578213, "K05970": 0.003915925026968716, "K10241": 0.0039017965365367767, "K08138": 0.0039001486730227625, "K10242": 0.003868199455795456, "K12604": 0.003862939862300364, "K02761": 0.003841663371237495, "K12373": 0.003818822972306127, "K10240": 0.003776739314345567, "K15530": 0.003776229898532811, "K05989": 0.003675494244686979, "K10547": 0.003649205125238322, "K10546": 0.003601224215530158, "K15923": 0.0035821218284622655, "K00848": 0.003540773085995365, "K02793": 0.0034462645040552, "K21571": 0.003420403309340802, "K01236": 0.003414150005899844, "K08191": 0.0033977280553372587, "K01181": 0.0033873782377572773, "K18676": 0.0033702903554290813, "K01206": 0.0033557155788837187, "K01835": 0.003353791662062771, "K01686": 0.0033413787492542167, "K00975": 0.003308712759182197, "K02100": 0.0033049766108785594, "K10193": 0.0032640776699029124, "K10234": 0.0032413988999983115, "K25670": 0.0031939815485678407, "K02429": 0.0031566753223077576, "K02782": 0.003117135747082121, "K10543": 0.0031105754736062766, "K02770": 0.0030985785784367554, "K00688": 0.00309791117363241, "K02744": 0.0030774495575243027, "K10233": 0.0030646950425185803, "K02784": 0.003062505023251934, "K02746": 0.0030509764588335805, "K08483": 0.0029665902678942847, "K10544": 0.0029531403278993344, "K17326": 0.0029235394900393053, "K20108": 0.002893548053606785, "K01820": 0.0028901004199569365, "K02747": 0.0028614910113615687, "K03970": 0.0027699030623782287, "K01192": 0.002769779620695755, "K00690": 0.0027448004446870965, "K00882": 0.002736729640078791, "K00703": 0.0026919336446352914, "K02783": 0.00268466858986562, "K02781": 0.0026798718933507947, "K10232": 0.0026742982164833663, "K10229": 0.00263735720303201, "K01222": 0.002626336310776815, "K03974": 0.0026248325366765354, "K10228": 0.002587216495479143, "K01201": 0.002573713143428286, "K17640": 0.0025631448390825767, "K02466": 0.0025613929913513825, "K02745": 0.0025586026528929048, "K05343": 0.0025285751436496928, "K06896": 0.0025215964363948244, "K06918": 0.0025179057310073995, "K25678": 0.002507909989790514, "K00045": 0.002507641216819201, "K19775": 0.0024870402203767818, "K02804": 0.0024716881279919284, "K25677": 0.002430928984290211, "K00917": 0.0023747156269024964, "K03969": 0.002364624514073703, "K03491": 0.002348206717593772, "K01808": 0.002310320028766631, "K25672": 0.002299821483601756, "K10237": 0.002277348229168699, "K01635": 0.002268856058951868, "K01060": 0.0022617481526580343, "K19776": 0.0022423480587529516, "K14266": 0.002213678433576078, "K01051": 0.0021945447717507762, "K22230": 0.0021934930871221705, "K08990": 0.00217380054425478, "K02777": 0.0021706482355108676, "K01730": 0.0021702282776538523, "K01809": 0.002164039305627503, "K01129": 0.0021629013397893556, "K16371": 0.002147774467152128, "K23147": 0.0021372363805337714, "K00040": 0.0021216988967858947, "K10236": 0.00211393173690461, "K26172": 0.0021047420760594393, "K24707": 0.002089190391567692, "K20525": 0.002086451578174554, "K00883": 0.0020643469997542025, "K10227": 0.002046689533435853, "K02079": 0.002033140062014603, "K07106": 0.002028981576901521, "K09816": 0.0020227000278577947, "K25676": 0.0019979361503260564, "K18673": 0.001989084044913645, "K10238": 0.001986338741865658, "K19226": 0.001981187622168462, "K13020": 0.0019794700029456365, "K00078": 0.0019549878701791896, "K00068": 0.0019401475371973497, "K01810": 0.0019218683166863037, "K21557": 0.0019184925162805254, "K09815": 0.0019167320226086487, "K26057": 0.001916005324409354, "K26933": 0.0019039484200704174, "K01195": 0.0019030667592794931, "K01684": 0.0018894167871651862, "K02525": 0.0018854843597984404, "K10120": 0.0018647634671758598, "K05346": 0.0018511991713518006, "K09817": 0.0018290564958208665, "K05546": 0.0018168551185578068, "K03931": 0.001806691171623189, "K02081": 0.0017900590893291622, "K21394": 0.0017898601783780522, "K01624": 0.0017796581665044148, "K06201": 0.0017769090423833006, "K15524": 0.0017617866761832429, "K19505": 0.0017504014526169267, "K25031": 0.0017487326892564464, "K01631": 0.0017336312894150093, "K00845": 0.0017278029927563201, "K19227": 0.0017197608431781042, "K10559": 0.001704902515379073, "K01186": 0.001696366953839979, "K25010": 0.0016914919313438701, "K19355": 0.0016885984654377243, "K03971": 0.0016588177069438161, "K02800": 0.0016586507081261085, "K10545": 0.001641120483576605, "K01191": 0.00162759104308764, "K11441": 0.0015933302121694008, "K01813": 0.0015747392122748935, "K03475": 0.001573364211776014, "K19228": 0.0015724132887206773, "K08302": 0.0015598537820480573, "K19334": 0.0015522007684035208, "K01880": 0.0015198827305832087, "K10560": 0.0015184355600879186, "K21000": 0.0015141876883609856, "K03930": 0.0014995167312546501, "K23248": 0.0014991107346086123, "K01597": 0.0014984140089704015, "K08323": 0.0014956154747674038, "K10561": 0.0014724093081909064, "K01690": 0.001463816163058603, "K01728": 0.0014606844056277558, "K18479": 0.0014583361464817642, "K16147": 0.0014555582209811522, "K02821": 0.0014519601151732032, "K01629": 0.0014438004766182254, "K07507": 0.001432491997807134, "K03647": 0.0014200887674110348, "K01057": 0.0014159834703753604, "K09992": 0.0014098738736101734, "K16043": 0.0014052939480890428, "K00008": 0.0014016543150647458, "K03565": 0.001398129838836032, "K18888": 0.0013928465351129593, "K00046": 0.0013899585977472837,