{"pos_hif": {"K23509": 0.006431946215165806, "K10820": 0.006259943461968312, "K01815": 0.005775895263765884, "K00874": 0.005276679316215066, "K01209": 0.005266824476873753, "K03534": 0.005040781321104771, "K15923": 0.004962019112962509, "K01625": 0.004878584234855045, "K01805": 0.0045803253350423165, "K01198": 0.004370072877709175, "K18650": 0.004264320162450292, "K01926": 0.004263340556348326, "K01804": 0.004074307610224572, "K00854": 0.003969865045956416, "K23508": 0.0039580896033149, "K10548": 0.0039275310680219, "K25089": 0.0038034334919227917, "K01235": 0.0037860492653817995, "K01159": 0.0037478851219668904, "K02497": 0.00361850607392091, "K10546": 0.0035383484440088212, "K09704": 0.003504043126684636, "K03332": 0.0034982355091401655, "K01685": 0.0034723578612011756, "K01820": 0.0033929316261185633, "K01631": 0.0033685437459022366, "K00883": 0.0033424157193640376, "K01812": 0.003292879262613962, "K13829": 0.003216680403644383, "K10547": 0.0032089216038117636, "K12308": 0.0031871914742628064, "K02429": 0.003047582928117677, "K02564": 0.002910706750600656, "K02103": 0.00290176556313597, "K09955": 0.0028947830108933155, "K27069": 0.0028229718072054592, "K03292": 0.0027768824535739966, "K03210": 0.0027424308907415536, "K00448": 0.0027408658199349046, "K01735": 0.0027128335110630022, "K15921": 0.002682541590124813, "K00853": 0.002672300999107692, "K00362": 0.00263648260978844, "K03077": 0.002620545073375262, "K18581": 0.0025917478747667427, "K01193": 0.0025820756487952086, "K15530": 0.002541668468416526, "K00848": 0.0025023362861931278, "K04768": 0.002416321358168725, "K02100": 0.002384885786329139, "K00041": 0.002380596101263757, "K01192": 0.002346289858772121, "K07560": 0.0023298627627151487, "K01809": 0.0023081598580225226, "K01916": 0.0023072427358926716, "K24204": 0.002304826329904995, "K20525": 0.002294353962353774, "K00065": 0.002231147993293291, "K24995": 0.002202869471673939, "K01695": 0.002167035642385612, "K21574": 0.002135153508996683, "K15532": 0.0020979279185534033, "K00243": 0.0020744838486614642, "K00847": 0.0020590592177717596, "K10559": 0.002027590662957052, "K21000": 0.0020272396132351173, "K16840": 0.0020220570085799196, "K11068": 0.0020115058132518, "K10561": 0.001998629845555098, "K23007": 0.0019828360752238436, "K00449": 0.001973649334708907, "K01811": 0.001972256919334692, "K10560": 0.001954267625196952, "K01911": 0.0019416596528983733, "K17320": 0.0019192225288016287, "K01684": 0.0019087882549872687, "K08191": 0.0018860793793408347, "K01686": 0.0018745909731234679, "K13020": 0.001840773124712379, "K02548": 0.0018194070080862536, "K00891": 0.0017734776253503371, "K02551": 0.001762516700595391, "K00879": 0.0017622708818391254, "K00009": 0.0017605697844029523, "K07127": 0.0017562903245478161, "K25010": 0.0017558039073604413, "K07017": 0.0017501309897422878, "K10562": 0.0017464124262095272, "K11608": 0.0017454908153935666, "K03551": 0.0017417885555782958, "K01060": 0.0016974714414067513, "K01835": 0.001668263695962388, "K01758": 0.0016666323738194688, "K03648": 0.0016604877510280306, "K22186": 0.0016415702328597774, "K16028": 0.001638490363754975, "K07038": 0.00160860938377631, "K03305": 0.0015931575539460013, "K17641": 0.0015793973489619704, "K01661": 0.0015755823795200335, "K02072": 0.0015716721806165671, "K08323": 0.0015540923603306112, "K03575": 0.00152827010801894, "K22293": 0.0015136688012544277, "K01619": 0.0015044192314925093, "K12573": 0.0014961972830867484, "K02800": 0.0014729058960423018, "K19776": 0.0014694374402225894, "K03453": 0.0014658227081377389, "K14742": 0.001460596882207464, "K12506": 0.001460293913124102, "K19694": 0.0014458863640420556, "K04047": 0.0014423254440054647, "K16695": 0.0014413998875708088, "K01425": 0.0014351708290596251, "K18676": 0.0014205048497845632, "K19270": 0.0014143107879395725, "K00639": 0.0014143107879395725, "K03800": 0.0014134151790277222, "K07259": 0.001411733070407386, "K02549": 0.0014057997955200297, "K01816": 0.0014050342940770497, "K14259": 0.0014006640577423097, "K01051": 0.0013973045822102425, "K07404": 0.0013951634334307735, "K02575": 0.001388643978134368, "K16559": 0.0013804956669692255, "K03565": 0.0013763281957352039, "K00365": 0.0013673994469142715, "K26933": 0.0013631998017163925, "K00782": 0.0013514525306978138, "K19355": 0.001339440742149389, "K01488": 0.001335344593090828, "K16698": 0.0013312734205509172, "K04485": 0.0013303861584406766, "K12111": 0.0013296188425984553, "K04075": 0.001328495122446627, "K01719": 0.0013190922247144465, "K08968": 0.0013184902738515255, "K21394": 0.0013093183866287879, "K21575": 0.0012976454143854407, "K07386": 0.0012922255273604595, "K00163": 0.0012815149412992019, "K00078": 0.001276776847779827, "K00849": 0.001271955323009707, "K01486": 0.0012601953302761929, "K03811": 0.0012493245838968308, "K01707": 0.0012392725470149024, "K01432": 0.0012392725470149024, "K01934": 0.0012321909896033886, "K00839": 0.0012301464249082502, "K24120": 0.0012279744269452675, "K16044": 0.0011695262284884926, "K17762": 0.0011630713224411704, "66336773": 0.0011536530566465014, "K01297": 0.001147494934885639, "K00641": 0.0011125036482565625, "K00363": 0.001083517821192806, "K24163": 0.0010821751720959127, "K02020": 0.0010821751720959127, "K07007": 0.0010781671159029648, "K07160": 0.0010446356027289494, "K01468": 0.0010310689065896122, "K05837": 0.0010287854159379438, "K09815": 0.0010061236911076056, "K18929": 0.0009808929658290584, "K07182": 0.0009144663496140331, "K01918": 0.0008302438755140153, "K18928": 0.0008262207794526033}, "neg_hif": {"K07012": 0.005179430262671106, "K02884": 0.004202213243244642, "K02996": 0.00405013383660256, "K15342": 0.0039056717641566367, "K00940": 0.0036964039903420354, "K07053": 0.003182541486701523, "K06960": 0.003130544907827547, "K02860": 0.003126395250773072, "K03615": 0.0030873689224961863, "K03925": 0.002964343707852021, "K02968": 0.002906110824536294, "K09951": 0.002833967302315036, "K00057": 0.0028045931277763895, "K01129": 0.002744203632105963, "K27086": 0.0027086435885295295, "K01246": 0.002662871581538607, "K03614": 0.002629752159148473, "K03771": 0.0026115741488317787, "K03521": 0.0025028879476318828, "K19126": 0.002496078210450594, "K00560": 0.0024404136310447306, "K03612": 0.0024258760107816715, "K00554": 0.0024258760107816715, "K02357": 0.0024234525582234475, "K02528": 0.0024201282062917286, "K18887": 0.0023655675762163228, "K04748": 0.0023376189681081983, "K03043": 0.0022967035067740465, "K01933": 0.0022919422075639113, "K03801": 0.002264668581929239, "K07164": 0.0022399667600652017, "K03631": 0.002227490167719182, "K15738": 0.002225991096035616, "K03402": 0.0021796599626788308, "K06877": 0.0021796599626788308, "K03601": 0.002169835430037273, "K03550": 0.0021505993003383605, "K24040": 0.0021477432587708465, "K23269": 0.0021403868643723304, "K19091": 0.002137912311660106, "K03580": 0.0020777693503079594, "K06412": 0.002034810808519357, "K00390": 0.002026940940732247, "K02237": 0.002026810262375985, "K18888": 0.0020245582509733455, "K03617": 0.0020226080778954847, "K01945": 0.002016767225254434, "K07344": 0.0020141583483901542, "K15780": 0.002000747008990277, "K10027": 0.001969438534175034, "K03526": 0.001969438534175034, "K02114": 0.0019590823217678502, "K21688": 0.00195518365048075, "K03644": 0.0019360542783572793, "K02108": 0.0019345103754239803, "K00798": 0.0019262539043427662, "K00566": 0.0019151652716697404, "K02619": 0.0019131514280612547, "K06168": 0.0019064011503769228, "K07503": 0.0018992515429519536, "K02871": 0.00187025017758619, "K07450": 0.0018688230008984726, "K01156": 0.0018569576757679882, "K00287": 0.0018455961110653372, "K07317": 0.0018419711547317168, "K06187": 0.001841467393327363, "K18890": 0.001834855429314469, "K06442": 0.0018312763921091834, "K00970": 0.0017784199849945814, "K02434": 0.001772329505593915, "K02343": 0.001762516700595391, "K21147": 0.0017419717264589012, "K15460": 0.0017375818251829033, "K04765": 0.001725713854734759, "K00147": 0.0017212424023284585,