{"pos_hif": {"K10190": 0.02954112831546141, "K10189": 0.02605206466148103, "K10188": 0.019214461754926696, "K12111": 0.013169043669308558, "K16209": 0.01227710802312462, "K03534": 0.011878174494170958, "K01804": 0.011774980183064427, "K25087": 0.011431020447036574, "K01193": 0.011333713980203258, "K00848": 0.010628191638895486, "K25088": 0.01043995139225298, "K12113": 0.010421021418085302, "K15772": 0.010329507012500795, "K25089": 0.010200994900718845, "K15771": 0.010125475850067567, "K00849": 0.009917270290574192, "K01838": 0.009905827280863056, "K01805": 0.009868187338932794, "K01811": 0.009772538681715685, "K02103": 0.009381603734161265, "K03332": 0.009019342347590813, "K00853": 0.008960531222801691, "K01209": 0.00895175545802027, "K17327": 0.008930294093327086, "K01812": 0.008798017524784502, "K25086": 0.008213387518967384, "K01820": 0.007949680409823473, "K00691": 0.007824883443111406, "K18650": 0.0077406131103581015, "K15530": 0.00770700831702544, "K02794": 0.007648147809458781, "K03484": 0.0076119052998292035, "K00965": 0.007578560485380618, "K15532": 0.0073484079985226165, "K02100": 0.00727440832332593, "K27069": 0.0072469428270521075, "K00854": 0.007203503975895201, "K15770": 0.007170666392007414, "K15923": 0.007067734104615575, "K17328": 0.006913704942869767, "K10548": 0.006890158501464092, "K01815": 0.006710418291001657, "K03077": 0.006676278365776083, "K10546": 0.006424648753267508, "K10547": 0.006418912541451412, "K09955": 0.006408834833136321, "K01685": 0.006354106458359951, "K10194": 0.006295519196239433, "K00847": 0.006295471006680439, "K25678": 0.006240089774779173, "K17640": 0.006214096332302253, "K10192": 0.006172933330800069, "K17641": 0.006131427140762239, "K17326": 0.0060983513241344425, "K01181": 0.006053502421588955, "K10234": 0.005827736924230799, "K01206": 0.005772933392126779, "K01235": 0.005740959748185159, "K02796": 0.005691590098440082, "K25676": 0.005444671047973731, "K15921": 0.005348857768635895, "K01813": 0.0053162048780909885, "K25677": 0.0052682856421174176, "K02795": 0.0050890291995550774, "K10195": 0.005068060676173897, "K25670": 0.005048304420385097, "K09704": 0.0049872467329029726, "K10232": 0.004968704658014077, "K00690": 0.004940762271752511, "K00041": 0.004929382284196395, "K16211": 0.004893605957835258, "K25671": 0.004863423160879129, "K01629": 0.0048555407894676555, "K01191": 0.004791204835256447, "K18581": 0.004704713471635752, "K01051": 0.004540733503551507, "K02810": 0.004355223655252109, "K01224": 0.004330422782324556, "K02532": 0.004312876131435715, "K10233": 0.004298512313869947, "K25010": 0.004257063200230079, "K21000": 0.004060543357848041, "K10120": 0.004050880626223091, "K10193": 0.003999441400715451, "K00065": 0.003957801181712856, "K25672": 0.0039286960748875065, "K05970": 0.0038895048270536576, "K25031": 0.00381434709592208, "K00874": 0.0037039988318859525, "K05350": 0.0036768717314970456, "K02429": 0.0035850847745268056, "K01201": 0.0035794403656845765, "K12309": 0.003564216299422289, "K01060": 0.0035543182345910977, "K10240": 0.0035071781130165884, "K10241": 0.0034519592385554667, "K19427": 0.0033595659440800243, "K10560": 0.0033206334576197584, "K26172": 0.0032953129257175585, "K01728": 0.003292657343720389, "K10242": 0.003282922758144354, "K12604": 0.0031853099697851783, "K22230": 0.003046617419974124, "K21575": 0.0029928827984506286, "K03929": 0.0029864558300360003, "K21574": 0.002964056845746569, "K18206": 0.0029572172495652546, "K02525": 0.002944636683183358, "K25675": 0.0029214056678441786, "K02784": 0.0028931575326416434, "K01730": 0.002882696527319492, "K03492": 0.0028650160681638385, "K16044": 0.0028594447675668578, "K01208": 0.0028556238315881363, "K12448": 0.0028552815599738384, "K25673": 0.0028267674272794635, "K10562": 0.002802746359746592, "K09762": 0.0027995216351380733, "K16043": 0.0027650911300300695, "K18676": 0.002754602940722622, "K18197": 0.002744514436423159, "K17241": 0.002726955162997547, "K02856": 0.002649193997869652, "K10561": 0.002630251401587252, "K01222": 0.0026300725028219423, "K01686": 0.0026272945038667097, "K26933": 0.002612811291508245, "K01236": 0.002566045483297118, "K01597": 0.0025370393104911714, "K19265": 0.0025352136331798724, "K10559": 0.0025243513178286833, "K25674": 0.0024919150816084933, "K18910": 0.002487790600914772, "K10237": 0.0024559804919042816, "K02814": 0.0024330877483133956, "K17243": 0.00242209589373345, "K01217": 0.0024077881542767967, "K03648": 0.002399811849071005, "K23248": 0.002375309491034866, "K02793": 0.0023691765740353967, "K08191": 0.002368129392347982, "K06896": 0.002337778339880957, "K15531": 0.002327941301595087, "K05343": 0.002310681051844836, "K06610": 0.0023094814253735167, "K17242": 0.0022755626223091973, "K01809": 0.0022660726770963196, "K10543": 0.0022516001366935877, "K18928": 0.0022490055178725657, "K00705": 0.002233125546318214, "K02854": 0.0022288272463631435, "K20525": 0.0022156916057148677, "K18334": 0.0022024692346662707, "K01214": 0.0021950461798713357, "K22994": 0.002194294522625384, "K01195": 0.002186786775993394, "K01818": 0.0021740263021598604, "K02855": 0.002173130514665293, "K20569": 0.0021701786760515104, "K08138": 0.002155288994023274, "K02759": 0.0021469637363428383, "K02757": 0.0021245170786584975, "K02244": 0.0021188730820750385, "K10236": 0.0021141541835217144, "K03931": 0.0020994272922247293, "K11065": 0.0020833665209678454, "K00938": 0.002081596616629518, "K02245": 0.0020808268428421667, "K00879": 0.0020733277268723516, "K06044": 0.0020676320556838245, "K10111": 0.002054025322015682, "K08323": 0.0020371285418331678, "K16212": 0.002024972300163913, "K10238": 0.0020096699861369984, "K01176": 0.0020091518631828536, "K17245": 0.0019640893053551787, "K21090": 0.001954084733617604, "K16710": 0.0019530766181971315, "K03481": 0.0019477423309946923, "K23508": 0.0019464364058351046, "K00869": 0.0019428496241700726, "K13875": 0.0019259143626380135, "K00700": 0.0019165229360841155, "K19355": 0.00191244611802556, "K16077": 0.0018913958277374874, "K10231": 0.001880549825755305, "K13663": 0.0018499943632984243, "K23509": 0.0018283767956571377, "K01186": 0.0018257302921168468, "K26606": 0.0018188428739596377, "K10820": 0.0018163790102626214, "K00040": 0.0018150817516002947, "K05991": 0.0018124689910616909, "K14274": 0.001808325417200452, "K00563": 0.001797513811886145, "K10202": 0.0017939640482820946, "K10544": 0.0017867470533663502, "K18673": 0.0017725035090405056, "K08257": 0.001772436545096772, "K26605": 0.0017695101602651906, "K16210": 0.0017292397506400094, "K01854": 0.0017232392166011768, "K19776": 0.0017066812866610318, "K25864": 0.0017051819471919996, "K00927": 0.0017034886279955707, "K11441": 0.0017023813554068413, "K00633": 0.0016990993189446373, "K01621": 0.0016939997884047014, "K01246": 0.0016911253448773887, "K16698": 0.0016821343677030202, "K03810": 0.0016612221597700318, "K05342": 0.0016515744223028611, "K19424": 0.0016479555052013595, "K01218": 0.0016446228448552481, "K07046": 0.001634570265626623, "K07406": 0.0016303046692429744, "K01192": 0.0016016441569339389, "K18888": 0.0015824928496161372, "K26349": 0.0015703853793587901, "K25652": 0.0015655577299412914, "K02760": 0.001560640777271878, "K23007": 0.0015553323614748479, "K01835": 0.0015373934104225449, "K06607": 0.0015196979580541223, "K16213": 0.0015111209122464606, "K00883": 0.0015069871282489455, "K16147": 0.0014943429487881083, "K00064": 0.0014902471913488663, "K26609": 0.0014734660987682743, "K20885": 0.001466014157092746, "K07816": 0.0014601504214132354, "K19419": 0.0014378383832483197, "K22597": 0.0014377570989256758, "K01520": 0.0014208324419493438, "K10200": 0.0013916068710589258, "K02243": 0.0013848499433666984, "K03279": 0.0013837827215485265, "K10201": 0.0013697292510764546, "K01631": 0.001360011923392205, "K19775": 0.0013599292717573783, "K10537": 0.0013552175619497475, "K03490": 0.0013510767749874, "K25307": 0.0013474742114166305, "K03647": 0.001343007174038322, "K08322": 0.0013418753282802142, "K16559": 0.0013315473815540314,