{"pos_hif": {"K13933": 0.01944624003447533, "K13931": 0.017133480104370515, "K13930": 0.015671641791044775, "K13932": 0.014543535437430786, "K13934": 0.012015231856934913, "K13929": 0.010780287474332649, "K22818": 0.0070501561280249805, "K07823": 0.006917222004442702, "K25623": 0.006614971484552675, "K01969": 0.0063668430335097, "K01968": 0.006191240541160283, "K00242": 0.006133177570093459, "K18290": 0.006050663279706463, "K02611": 0.005830943128546756, "K00234": 0.005526930151393671, "K02609": 0.005522827687776141, "K02610": 0.005500078320802005, "K00235": 0.005193005689621346, "K04118": 0.005159446450060169, "K22819": 0.004825367647058824, "K14449": 0.004768610217050424, "K07068": 0.0043749999999999995, "K03392": 0.004347981677640997, "K02624": 0.004286142900004286, "K07127": 0.004251437986377745, "K02618": 0.004143646408839779, "K00253": 0.004110122087650178, "K01644": 0.004108035908427298, "K03518": 0.0039923954372623575, "K18365": 0.003979294420470891, "K16842": 0.0039042895521506807, "K01031": 0.0038626175778953557, "K13766": 0.003857036087977792, "K13778": 0.003837719298245614, "K00446": 0.0038190714882444204, "K19658": 0.0038007287347656743, "K16840": 0.0036687631027253666, "K02182": 0.0036276607417160414, "K12507": 0.0035187667560321713, "K14451": 0.0034982508745627183, "K01039": 0.0034913494103725466, "K01692": 0.0034829931972789113, "K01028": 0.0034758428919012857, "K11410": 0.003366420437057556, "K00236": 0.003361622596503476, "K06446": 0.0033567774936061378, "K08683": 0.0033333333333333335, "K05606": 0.003327417923691216, "K01483": 0.003291118547580583, "K10217": 0.003252667187093416, "K22820": 0.0032318335605716303, "K04100": 0.003148366784730421, "K07514": 0.003102836879432624, "K01903": 0.003086357930721363, "K02617": 0.0030644673123486686, "K08299": 0.0030381944444444445, "K12405": 0.002996944942551637, "K00255": 0.0029917184265010354, "K00163": 0.002966918854769322, "K01640": 0.002943934076520782, "K00658": 0.002855721946277213, "K08764": 0.0028524280999528526, "K15371": 0.0028012717619459193, "K01796": 0.002793007137684907, "K04101": 0.002770935960591133, "K13774": 0.002747252747252747, "K01029": 0.0026929311050262797, "K13479": 0.00266274062816616, "K01466": 0.002661249685059209, "K04116": 0.0026461693548387095, "K02282": 0.0026333831962104216, "K10220": 0.002589555459646094, "K00365": 0.002563124894085748, "K02453": 0.0025199104031856647, "K22187": 0.0025024715768660406, "K11608": 0.0024269056235280604, "K18204": 0.0024217773476875935, "K11730": 0.002412961047914512, "K13775": 0.0023908985187905494, "K01907": 0.0023692042606516294, "K18456": 0.002333900938041465, "K00164": 0.002326200264278373, "K01487": 0.0022954406481693803, "K24206": 0.0022880022880022877, "K07550": 0.002286470143613001, "K25621": 0.00228596757852077, "K00140": 0.002273544552956318, "K14977": 0.0022573946705754127, "K00241": 0.0022430074243545745, "K14447": 0.0022396082178690875, "K01617": 0.002238343253968254, "K03735": 0.0022276874821785, "K23948": 0.00221953188054883, "K22550": 0.0022148394241417496, "K01040": 0.0022111097089012282, "K02616": 0.002197802197802198, "K02083": 0.002188375350140056, "K14729": 0.0021775165762507537, "K02458": 0.002166084402926508, "K01032": 0.0021622734761120263, "K13485": 0.0020882029423896606, "K10680": 0.002063289945293341, "K10218": 0.002054988662131519, "K15055": 0.0020531115315883526, "K11729": 0.002046783625730994, "K21061": 0.002038254226772142, "K16516": 0.002024619371558147, "K00529": 0.0020211819872261298, "K01856": 0.002013122576796898, "K13482": 0.0020064205457463887, "K22443": 0.001997716894977169, "K01902": 0.001995733638282899, "K08365": 0.0019936967284234163, "K03464": 0.001985960742892351, "K00038": 0.0019790783149561775, "K07141": 0.0019723865877712033, "K18364": 0.0019570214242345388, "K13935": 0.0019486055291681888, "K02462": 0.0019311978576578433, "K00025": 0.0019132653061224487, "K23617": 0.001912568306010929, "K01477": 0.0018978605935127675, "K02283": 0.0018962344598536871, "K03381": 0.0018593120545398203, "K04073": 0.0018485915492957746, "K07513": 0.0018407179889339085, "K00042": 0.0018371546149323927, "K00798": 0.0018326296035655642, "K03205": 0.0018272189828312279, "K05550": 0.0018148729086229086, "K06020": 0.0018125671321160043, "K01966": 0.0017631287521128404, "K03862": 0.0017455662616952937, "K21062": 0.0017449304092842688, "K01958": 0.0017441635745207174, "K05605": 0.0017319544205019065, "K00481": 0.00172443018828561, "K10221": 0.0017158108795119471, "K01608": 0.001704484925961436, "K18307": 0.001704484925961436, "K11477": 0.0017026905324777667, "K18661": 0.001693121693121693, "K13779": 0.0016917293233082705, "K03417": 0.0016871535309713182, "K16320": 0.0016782043213761275, "K15735": 0.0016741071428571428, "K13777": 0.0016673336001067091, "K20814": 0.0016571969696969697, "K02164": 0.0016451878256100905, "K03519": 0.0016428207368574341, "K04755": 0.0016426783479349186, "K11731": 0.0016180794606999427, "K03973": 0.0016166960611405056, "K01041": 0.0016065315728345253, "K23777": 0.0015934471133586179, "K09159": 0.0015864275225508707, "K00024": 0.0015718562874251498, "K03520": 0.0015606420927467299, "K07503": 0.0015552995391705069, "K03216": 0.001552237274220033, "K23466": 0.0015420676042437699, "K24012": 0.001533007569224873, "K07588": 0.001526863250310144, "K24120": 0.0015159894438623045, "K02279": 0.0015146007512419726, "K02041": 0.0015109450690064896, "K21607": 0.001504345888121239, "K09461": 0.0014825357291110715, "K02459": 0.001477169428711279, "K11263": 0.001473806257756875, "K14727": 0.0014697648376259798, "K01523": 0.001468661158493248, "K01604": 0.0014637667055923188, "K02554": 0.0014627874959507613, "K18991": 0.0014594490278380856, "K00287": 0.0014591332362416702, "K04033": 0.001451898326898327, "K02613": 0.001446261235417862, "K13481": 0.0014454649281431427, "K02257": 0.0014435414884516678, "K23138": 0.0014412544678888504, "K23842": 0.0014243511289301538, "K13529": 0.001408326731801778, "K11475": 0.001407182258246088, "K04747": 0.0014054232804232803, "K03821": 0.001381578947368421, "K06916": 0.0013725265927027337, "K11538": 0.001357290589451913, "K27095": 0.0013532944261185824, "K09709": 0.00134850400337126, "K00595": 0.0013466925231631114, "K00087": 0.001329395745933613, "K14998": 0.0013280652186709045, "K23256": 0.00132529899479052, "K00166": 0.00132529899479052, "K00252": 0.0013227513227513227, "K12508": 0.0013158976889546838, "K16047": 0.001304631441617743, "K02371": 0.001304631441617743, "K16639": 0.0013020833333333333, "K01638": 0.001300792864222002, "K05549": 0.0012898016349396902, "K18013": 0.0012882551101975562, "K10805": 0.001287603364699173, "K02454": 0.001276750972762646, "K03736": 0.0012718762718762718, "K02452": 0.0012651181620363342, "K16048": 0.001262154076290202, "K02042": 0.0012605042016806721, "K22104": 0.001259325106323642, "K01659": 0.001259325106323642, "K14743": 0.001259325106323642, "K12256": 0.0012506948304613673, "K00560": 0.0012465719272001994, "K03599": 0.0012362637362637362, "K02229": 0.0012318669189530116, "K06959": 0.0012268997776244152, "K03577": 0.001220614828209765, "K27086": 0.0012144656351205467, "K13541": 0.001209467834152973, "K02457": 0.0012063938876043026, "K22549": 0.0011929529093190675, "K09699": 0.0011929529093190675, "K04561": 0.001191136099672685, "K05936": 0.001155802126675913, "K01693": 0.0011347216987058677, "K00448": 0.001134453781512605, "K06907": 0.0011332266767049375, "K01425": 0.0011304224954076585, "K02299": 0.0011145277613119936, "K01676": 0.0011058124265671434, "K01857": 0.0010915541001500885, "K16841": 0.001089992506301519, "K21885": 0.0010887582881253769, "K00146": 0.001073105298457411, "K00457": 0.001073105298457411, "K23463": 0.0010724676404227525, "K10806": 0.001070090957731407, "K21906": 0.0010679967812174571, "K03611": 0.0010596546310832023, "K00635": 0.0010523546435148644, "K16138": 0.0010415590675894363, "K01919": 0.0010313178029005365, "K01571": 0.001027621323320248, "K09858": 0.0010185892538833714,