{"pos_hif": {"K25089": 0.015454352633069622, "K00691": 0.014869564406203366, "K15772": 0.012854056937833393, "K01838": 0.01219473998548395, "K09997": 0.011510007406587607, "K09999": 0.01079703147738646, "K15771": 0.009411998770655246, "K10000": 0.00921757304658944, "K09998": 0.008990290423522852, "K25678": 0.008965391490559624, "K16209": 0.00876893883238948, "K16211": 0.008570840760033532, "K01193": 0.00821519652567991, "K15770": 0.008149581318364482, "K12111": 0.008109031445768333, "K00690": 0.008038661246566239, "K00849": 0.007828633756193743, "K25676": 0.0077273252703895625, "K25677": 0.007556096932993147, "K12113": 0.007316659392540372, "K17245": 0.006917900861119522, "K10189": 0.006841059981197727, "K10190": 0.006752240550234355, "K03332": 0.006735747171183628, "K25088": 0.00659602319765029, "K00965": 0.006595649899505992, "K01208": 0.006572005616433442, "K25086": 0.006458425112345758, "K02100": 0.006325005895083282, "K06178": 0.006089863801313908, "K21575": 0.0060410221787180664, "K10188": 0.006019239784348684, "K01235": 0.005927443698432154, "K25087": 0.00587858577147508, "K17641": 0.005488716318026885, "K19228": 0.0054599933520563075, "K17326": 0.005344286070282807, "K01209": 0.005317702093401581, "K19227": 0.005175043724327764, "K26172": 0.00511337761716356, "K10109": 0.005084590067339371, "K17246": 0.005016161463855485, "K01804": 0.005004130199410847, "K01236": 0.004927209392062079, "K21087": 0.004892827044611095, "K03077": 0.004892068870096127, "K19226": 0.004674030469387305, "K00847": 0.004649722991559564, "K17327": 0.004519045328902944, "K25674": 0.0044604471195184865, "K03604": 0.004411557463599544, "K09704": 0.004287866631027175, "K01811": 0.004247397098176694, "K15582": 0.004245542801235333, "K25673": 0.004225016957717939, "K01224": 0.0041864917489817565, "K17328": 0.004185782832205423, "K06044": 0.004172371579813398, "K17244": 0.004153414045766682, "K10108": 0.0041523921235053, "K15530": 0.004121537409155323, "K17640": 0.004095906313689733, "K01805": 0.004080675008144619, "K09996": 0.004008146654059175, "K03484": 0.004006580014520802, "K02343": 0.003973961883307204, "K19265": 0.003931955065640148, "K21574": 0.003879307691202696, "K00700": 0.0038609848278048095, "K15581": 0.003812176273343757, "K00705": 0.0038045331918241253, "K10241": 0.0037955453118725157, "K19229": 0.0037877522176827717, "K15532": 0.003705631369053916, "K18479": 0.003705186450426541, "K13799": 0.003700824626474984, "K18650": 0.0036804806787514833, "K02103": 0.0036162418554594525, "K06403": 0.0035786310445999675, "K10240": 0.0035395163925843903, "K03212": 0.0034678381109322933, "K01597": 0.0034574717144973312, "K15583": 0.003444412924473888, "K10242": 0.003414923775258915, "K01060": 0.0033894048102638095, "K01812": 0.0033325852956208038, "K01681": 0.0033124108803916944, "K10111": 0.0032963270151195796, "K17236": 0.0032801308478410318, "K17235": 0.0032083912891448974, "K17320": 0.0031338322655452776, "K03971": 0.0031062952357895964, "K06313": 0.003077326668883252, "K06404": 0.002987360183710002, "K25675": 0.0028519306069192734, "K27069": 0.0028437151371461552, "K01195": 0.0028038936113862372, "K25670": 0.0027999914793158704, "K06374": 0.0027764931676576726, "K00853": 0.002754331418995887, "K16212": 0.0027435974880792966, "K10201": 0.0027393687754822755, "K02532": 0.002711681932923893, "K17234": 0.0026804722154396034, "K01191": 0.002593826739995665, "K10110": 0.0025868453298093144, "K01051": 0.00253741799709457, "K02024": 0.0025348578493471557, "K05970": 0.0025235399740926516, "K00854": 0.0024993482602279756, "K26057": 0.0024137259238315046, "K10202": 0.002392602610308104, "K18676": 0.00237211231845257, "K10200": 0.002361000198111608, "K05546": 0.0023591389157849056, "K06379": 0.0023226868414220774, "K01625": 0.0023126279004738173, "K10231": 0.0023013944446521363, "K01215": 0.0022873496711610674, "K20569": 0.0022813356748978574, "K23147": 0.0022807414967477716, "K05991": 0.0022484906825629442, "K01186": 0.002241574538561081, "K10548": 0.00224023899496357, "K17315": 0.002227037417360383, "K05343": 0.0022201207888571943, "K01756": 0.002161007269499506, "K21000": 0.0021555070341940877, "K19230": 0.0021510737353799534, "K07406": 0.0021483418614454248, "K17316": 0.0021171660799169357, "K26960": 0.0020849960488280713, "K03931": 0.0020523943881056183, "K01214": 0.002052111594037883, "K24131": 0.0020520975098654425, "K25672": 0.0020509634919021187, "K01200": 0.0020258036245783453, "K01192": 0.002001420525968564, "K03974": 0.0019507549475684624, "K00938": 0.00193355564270386, "K18785": 0.0019050058142130119, "K01835": 0.0018950625316496326, "K00874": 0.0018840903001688853, "K09955": 0.001879414672179061, "K01201": 0.001877241848642304, "K05341": 0.0018697305625926927, "K03970": 0.0018652689221528114, "K10547": 0.0018572735879075284, "K00869": 0.0018403346137291006, "K18889": 0.0018262491532562513, "K11066": 0.0018251106240912303, "K00945": 0.001813365430388593, "K17317": 0.0018070389794754577, "K10546": 0.0017977111182500218, "K10040": 0.0017963288347227935, "K16213": 0.001778143564341967, "K21557": 0.0017672787438896013, "K06201": 0.001724555738835345, "K00078": 0.001697654913306208, "K02827": 0.0016878815395783278, "K00688": 0.0016837617324390421, "K18581": 0.0016803179268204396, "K17243": 0.0016559343967384467, "K16511": 0.0016509510756507028, "K25010": 0.0016506178743733908, "K02804": 0.001643045348597786, "K06918": 0.001641389904896969, "K00243": 0.001639397216193393, "K07085": 0.0016363574380400072, "K15923": 0.0016357569398976074, "K19355": 0.0016324066704800574, "K00793": 0.0016297438070214624, "K00594": 0.0016261634309333091, "K08990": 0.0016179883319927145, "K02859": 0.0016085356109377719, "K00697": 0.0015840335990517723, "K16210": 0.001561356931756457, "K01087": 0.001559028243417714, "K10237": 0.0015565330471920015, "K18198": 0.0015361228606041567, "K01258": 0.0015337891145078067, "K03722": 0.001528310682559825, "K12309": 0.0015252630622473186, "K06408": 0.00151808832602222, "K03492": 0.0015174795687987526, "K01424": 0.0014914129615961164, "K00041": 0.0014908852146174906, "K07007": 0.0014850050556294565, "K15987": 0.0014592723628218257, "K00185": 0.0014565624026343631, "K01685": 0.001451633190438191, "K01176": 0.0014443165905880133, "K15524": 0.001440560149870907, "K24289": 0.0014355339289492226, "K05896": 0.001432174510328953, "K25766": 0.0014160687590756486, "K22083": 0.0014119106442690298, "K07404": 0.001411328796849531, "K20525": 0.001409402457858897, "K01057": 0.0013945079343614013, "K02777": 0.0013695038842455438, "K12448": 0.0013667303601811425, "K06896": 0.001357947845476557, "K22597": 0.0013435927989654776, "K16043": 0.0013286894073352511, "K01181": 0.0013258562363883991, "K15921": 0.0013225407635412709, "K01792": 0.0013099631063446244, "K10234": 0.0013081915206507376, "K01684": 0.0013057552046823729, "K11212": 0.001305670822043121, "K20814": 0.0013044371173293794, "K00208": 0.0012988591989747578, "K02828": 0.0012779122109254006, "K00692": 0.001275190899634449, "K02257": 0.0012696356938931928, "K10233": 0.001260151886339858, "K10236": 0.0012591631811358702, "K13570": 0.0012554261971975478, "K05342": 0.001252461180708579, "K12148": 0.0012480248239937649, "K20999": 0.0012433489497377034, "K16147": 0.0012357991861194609, "K01809": 0.001227223398608696, "K05822": 0.0012132635744536394, "K00975": 0.0012131979059268798, "K24998": 0.0012067585620055517, "K08296": 0.0012037405193396698, "K20885": 0.0011882749684443987, "K10678": 0.0011868046146618271, "K01669": 0.0011603115900104524, "K13788": 0.0011600334847216489, "K03534": 0.0011570077386070508, "K22491": 0.0011520070042025856, "K03969": 0.0011410363740310288, "K22136": 0.0011361804307042913, "K18890": 0.0011347663187593672, "K12510": 0.0011121225563261693, "K00389": 0.0011071628567364581, "K02829": 0.001094875107273761, "K03648": 0.0010914819535586557, "K00701": 0.0010876468096599958, "K00765": 0.0010801095922345241, "K08483": 0.0010773564910154844, "K05844": 0.0010726467841488756,