{"pos_hif": {"K10560": 0.10478637369236565, "K01820": 0.09251058315585785, "K10562": 0.08848025813942499, "K10561": 0.08526545564374967, "K10559": 0.08290230890623272, "K00848": 0.05093750736504709, "K03534": 0.040126131863871733, "K01813": 0.025363034781959577, "K01629": 0.02204708909526789, "K25678": 0.01890081940367539, "K18928": 0.01767485991411028, "K02856": 0.017106359756991686, "K25677": 0.015546259423196977, "K25676": 0.01546554339043506, "K00879": 0.01333431403480587, "K18929": 0.012450688163035519, "K25089": 0.011540870835538891, "K03886": 0.008828731435211231, "K00782": 0.006914643698774165, "K15530": 0.006501214444548621, "K06610": 0.006464592414484439, "K01812": 0.00635888582881308, "K18650": 0.00596679422237793, "K03887": 0.005946398844146734, "K17641": 0.00588337254477667, "K03888": 0.0057869528183573105, "K00407": 0.005524428331528477, "K25010": 0.005498335611992755, "K17319": 0.0053344305644553325, "K01235": 0.005111211108807148, "K07046": 0.005014253046817497, "K17327": 0.0049160125723511335, "K15532": 0.0045892806233187415, "K01804": 0.004568044955272416, "K17328": 0.00454746398792038, "K17320": 0.004524348459889162, "K17326": 0.004454537436378069, "K09926": 0.004409921927596712, "K25675": 0.004300267282343986, "K01685": 0.0041746260271952424, "K17640": 0.00413763839091927, "K20023": 0.004117614763805773, "K18197": 0.0040286106126260195, "K25673": 0.004007067240365987, "K17318": 0.004000188545205396, "K09955": 0.00398647172458202, "K02574": 0.003970048746168149, "K00406": 0.0038941708011956304, "K02103": 0.0038664098683152347, "K01707": 0.00383259393914509, "K26349": 0.003770465545714133, "K01805": 0.003682057295242849, "K18334": 0.0036245591340110564, "K06606": 0.003582734434035613, "K23301": 0.0035438280084613633, "K00064": 0.0031727665700924173, "K00185": 0.003104748571815657, "K00405": 0.002996046476756136, "K01693": 0.00293495666629995, "K16044": 0.002912090362163938, "K15862": 0.0028903435832148107, "K00404": 0.0027574258196135155, "K01533": 0.00274612673169932, "K00101": 0.002668956956032218, "K01060": 0.0026350626311761414, "K19776": 0.0025926324357442424, "K10218": 0.0025888890484074786, "K18198": 0.0025209843297905863, "K09792": 0.002496640883175364, "K10544": 0.002486637650963202, "K00041": 0.002444551065495368, "K22010": 0.0024038114552960535, "K13955": 0.0023565767043638892, "K01735": 0.002343939960869242, "K01815": 0.002322376330528106, "K20525": 0.0023190073308308303, "K04517": 0.002287091608287486, "K06973": 0.0022807786324831446, "K00065": 0.002265889381693759, "K01728": 0.002253216903717453, "K18910": 0.0022508761268948065, "K23300": 0.002226499637120949, "K01051": 0.0022092524812873018, "K01599": 0.002130953623490937, "K01686": 0.0021183187568351814, "K02276": 0.0021133466306305516, "K03292": 0.002085794221150841, "K14519": 0.002083074244496953, "K01811": 0.0020760778709661893, "K18983": 0.002066058205497739, "K21883": 0.0020405921968604636, "K10543": 0.0020333562678495243, "K06958": 0.00201782293894631, "K01192": 0.001926894619649249, "K24018": 0.0019176448480310848, "K07152": 0.001913891840679434, "K02417": 0.0018879841821252523, "K00435": 0.0018698345886632483, "K13875": 0.0018633528027476253, "K23244": 0.0018343245384294727, "K04562": 0.0018034541772635226, "K00854": 0.0017933740607882, "K00575": 0.0017920139561930606, "K01684": 0.0017916396564740915, "K00446": 0.0017830146066317575, "K13877": 0.001724913157486362, "K21394": 0.001716072740957323, "K10026": 0.0016818801753190214, "K24995": 0.0016149171852337062, "K20712": 0.0015784340285096938, "K06208": 0.0015746472475701866, "K08323": 0.0015654553090912813, "K01706": 0.0015626328226286327, "K23992": 0.001526685666228914, "K16898": 0.001516534830682179, "K04765": 0.0015069312698812259, "K10545": 0.0014910462671656702, "K01736": 0.0014890009362093387, "K01133": 0.001488913672801356, "K16899": 0.0014798296351256626, "K06920": 0.0014665974938143508, "K01816": 0.0014523342881551837, "K26180": 0.0014500628643031384, "K00518": 0.0014434213112950573, "K02510": 0.0014370426301357421, "K25156": 0.0014118164370201408, "K09647": 0.0014116689280868385, "K16043": 0.0014067842605156038, "K12111": 0.0014033376632147485, "K12604": 0.0013857037578043725, "K14259": 0.0013796563401479993, "K26399": 0.0013714234775699405, "K01217": 0.0013652797559351745, "K00096": 0.0013434909109338322, "K05999": 0.0013185023128575888, "K06916": 0.0013148949364100025, "K23248": 0.0012891974276188938, "K22491": 0.0012830752748186857, "K25154": 0.0012806633683870776, "K18981": 0.0012690033073698963, "K01737": 0.0012672019641630442, "K10201": 0.0012644830957424208, "K03336": 0.0012268593844122588, "K18581": 0.0012149680760939188, "K02401": 0.0011989145183175034, "K10773": 0.0011945690659496487, "K01591": 0.0011853946288608132, "K10188": 0.001167649618621849, "K13918": 0.0011585126379017523, "K10202": 0.0011524205506064698, "K04101": 0.0011414108122992724, "K17830": 0.001140566836371747, "K22994": 0.001130855514883926, "K01432": 0.001122804834903368, "K21003": 0.0011158847286428558, "K00851": 0.0011110495385440917, "K00847": 0.001104211904144824, "K03644": 0.0010462133188783506, "K03801": 0.00104121666433426, "K02554": 0.0010201542505421037, "K21564": 0.0010151784647183303, "K02564": 0.0009965292538478112, "K25155": 0.0009951784525435794, "K10236": 0.0009588224240155424, "K04518": 0.0009551767113767001, "K05884": 0.0009423795957366048, "K05946": 0.0009343714935474448, "K06024": 0.0009078370292434201, "K13355": 0.0008949009290811729, "K01176": 0.0008872251895280044, "K10200": 0.0008495074036929974, "K01520": 0.000844332058714691}, "neg_hif": {"K07442": 0.0242360202206986, "K20814": 0.018965153098850926, "K13527": 0.01850444745967134, "K15526": 0.014165675203293508, "K07159": 0.012197667931838171, "K13570": 0.011059101848328359, "K07465": 0.009142439138287812, "K03432": 0.006986898367533035, "K00765": 0.006979434618091551, "K11610": 0.005924483687782547, "K03433": 0.005831921390415122, "K03890": 0.005190694937143418, "K01523": 0.005141298066163692, "K03891": 0.004945069061784519, "K11611": 0.004472529520388974, "K13571": 0.004261348640739, "K00919": 0.004171639117569999, "K24204": 0.0040587729650017, "K07738": 0.0038577625029320704, "K06215": 0.0036925684752467662, "K21688": 0.0036534123602714554, "K27109": 0.0036413637872969853, "K08256": 0.003565976933514247, "K02363": 0.0032006979184987135, "K02492": 0.0031276427690949617, "K27085": 0.003116197627512023, "K08681": 0.003057687616648797, "K00254": 0.0030352511219758345, "K02835": 0.003023391920300029, "K15724": 0.002970508358554167, "K00793": 0.002949579874815793, "K01079": 0.0029404695163847286, "K02113": 0.002928361258061074, "K01056": 0.0028603530282981754, "66336773": 0.002822440458819965, "K09014": 0.002803669971900166, "K05879": 0.002743940464806885, "K02440": 0.002713020653544733, "K07040": 0.0026777427845482067, "K09013": 0.0026606805311706, "K02111": 0.0026314033409702603, "K16925": 0.0025916365893694443, "K04788": 0.0025226392567670457, "K23205": 0.0024452207049857097, "K03713": 0.0024384092452935813, "K01926": 0.0024317061417097915, "K01252": 0.002398876453501051, "K05878": 0.0023601616277215917, "K04488": 0.0023483007794010916, "K10780": 0.0023246598864086645, "K00123": 0.0022903316562865404, "K01664": 0.0022822252374491182, "K11608": 0.0022735495013096177, "K13542": 0.0022544319528675504, "K08296": 0.0022154532840025732, "K02227": 0.00219726968127821, "K22311": 0.0021697679005851797, "K00798": 0.0021495573387277657, "K05569": 0.00209453717983067, "K09015": 0.0020899124650280375, "K16019": 0.0020826102047900035, "K05936": 0.002060742585695852, "K02343": 0.0020413463662335585, "K02231": 0.002005211545577896, "K04042": 0.0019985056507081105, "K01428": 0.0019822719574842354, "K03897": 0.001961902983112724, "K01429": 0.0019584240262280534, "K07503": 0.0019565673474981745, "K23393": 0.0019470956413379023, "K00318": 0.0019452804390558739, "K02224": 0.001919319281428187, "K01552": 0.0019137772167598724, "K26392": 0.0019026587519283232,