{"pos_hif": {"K15771": 0.20802228172618853, "K15772": 0.17898056045626323, "K15770": 0.10186581238982434, "K00691": 0.04771114982347603, "K10109": 0.04462146307020904, "K10108": 0.0403917172250066, "K21575": 0.0259967164105957, "K16211": 0.016754034586562373, "K01838": 0.013243154596380147, "K10110": 0.010477154842842678, "K00701": 0.010474638201323615, "K02786": 0.009719454132757571, "K01193": 0.009351393346037682, "K02788": 0.009275229006170711, "K00705": 0.009036079257258382, "K01200": 0.008716239366123125, "K02796": 0.007802362062451749, "K18820": 0.007744805531238275, "K02761": 0.007529256885234368, "K01176": 0.007467859822767934, "K01224": 0.0070991771643998825, "K02794": 0.0069107439031881575, "K02759": 0.0065580705548188125, "K03077": 0.006280327120157632, "K03484": 0.006082847269672192, "K25086": 0.006015938167089918, "K00688": 0.005926177232644864, "K01236": 0.005871786284377134, "K25089": 0.005844328991889775, "K21574": 0.005766514447141426, "K25088": 0.0056720215138662535, "K01222": 0.005663353075648807, "K00700": 0.005493202090960796, "K02760": 0.005448671584936593, "K01220": 0.005185130730966208, "K05343": 0.005038343029000018, "K02082": 0.00501974432768891, "K00917": 0.005000774053215833, "K09704": 0.004945675757363757, "K00965": 0.004870780430783428, "K00849": 0.004670836491610932, "K02810": 0.004662253541177308, "K25087": 0.004619819642241167, "K01635": 0.004598806683571289, "K02795": 0.004564381806534273, "K01811": 0.004517597887690058, "K10111": 0.004495000949271468, "K12113": 0.004439008923313855, "K20814": 0.004388796960561605, "K10241": 0.004374281454597624, "K03332": 0.004291555133463279, "K00847": 0.004234799985225689, "K10242": 0.004223633063863204, "K02024": 0.004143668076275763, "K08256": 0.004129336794902054, "K01809": 0.004081810935700338, "K10240": 0.0040174553104434145, "K00656": 0.0038980806644593143, "K01812": 0.003891875062161893, "K02804": 0.0038805027474262616, "K10006": 0.003706663717472791, "K02564": 0.0036983518446436284, "K00925": 0.003685326210334834, "K01819": 0.0035559232964689487, "K02777": 0.0035494661193964444, "K03475": 0.0033525817043430664, "K05546": 0.0033459052257496114, "K13788": 0.0033064580872317734, "K02822": 0.0032026607165898985, "K01805": 0.0031974028400597906, "K10007": 0.0031921642343559794, "K01214": 0.003174923596534774, "K05350": 0.0031461140575585935, "K01835": 0.003037465064658465, "K02530": 0.0030144494270054807, "K01261": 0.0029972958937378794, "K21571": 0.0029680712805442047, "K04069": 0.0029571096041012754, "K12448": 0.0029483641986939274, "K17884": 0.0029463189333874496, "K08483": 0.0029429890121417147, "K01685": 0.0028721706053514945, "K03292": 0.0028522569421297016, "K10005": 0.0028315480006784934, "K07007": 0.002791463782341205, "K01804": 0.002761043096842535, "K06215": 0.0027301068276176076, "K18676": 0.0027237031904369696, "K19710": 0.002639117182388331, "K01129": 0.002608391995536988, "K12111": 0.002569961478617472, "K01209": 0.0025620268209340332, "K18673": 0.002529400111657392, "K07106": 0.0025154736541343156, "K16066": 0.002494337304098233, "K02100": 0.0024920326028710833, "K00800": 0.0024709164304321817, "K00703": 0.002466046947272529, "K01215": 0.0024584006737838884, "K00041": 0.00244162988801705, "K00831": 0.0024288709652734203, "K16147": 0.002426082540639574, "K00853": 0.002406164495225973, "K02803": 0.0024001632110983544, "K03478": 0.0023308707294254286, "K15923": 0.002322511359403059, "K07560": 0.0023142216527866754, "K03648": 0.0022815419747307408, "K07017": 0.0022693767689375846, "K03969": 0.0022539615059456383, "K03664": 0.0022514781153662716, "K03565": 0.0022480005427014836, "K01443": 0.0022210249990756736, "K05342": 0.0022058627624457604, "K17245": 0.002190805463321124, "K00078": 0.0021886128463253734, "K17246": 0.002185436973963808, "K03713": 0.002163529517789607, "K02103": 0.002162428278338095, "K19505": 0.002150939073696179, "K13527": 0.002135523372362033, "K03647": 0.002097484957293996, "K15524": 0.0020795329867999567, "K16212": 0.0020789306393141247, "K16153": 0.002071804127033821, "K20861": 0.0020691284601818062, "K18650": 0.002068027859937029, "K03740": 0.002064458981378794, "K06044": 0.0020614237303269688, "K02744": 0.0020579047921402776, "K10008": 0.0020519621015162885, "K01191": 0.002025753423949625, "K07177": 0.0020221879413218837, "K02528": 0.0019892821476762664, "K15530": 0.0019892639911254003, "K03492": 0.0019768310911808668, "K01060": 0.0019741618620542386, "K00690": 0.001966800409094485, "K01051": 0.0019625908009498305, "K18581": 0.0019523741496835667, "K01761": 0.0019480858708162917, "K03930": 0.0019466750095595649, "K01192": 0.0019403242497412901, "K02784": 0.0019345136060485548, "K01815": 0.0019306309847555024, "K01195": 0.0019283013372568907, "K01621": 0.0019140073454819487, "K07707": 0.0018984716283704708, "K12573": 0.0018812017240478352, "K09955": 0.0018676497767574876, "K02746": 0.0018246590996980473, "K07706": 0.0018239411158418458, "K01183": 0.0018184529329827357, "K01235": 0.0018172792973186718, "K06148": 0.0018142278199586644, "K03212": 0.0018049639631762368, "K01893": 0.0017874437615350597, "K02081": 0.001772489031570153, "K03491": 0.0017699662819750347, "K01201": 0.0017645557621495498, "K01175": 0.001752924133305213, "K01916": 0.0017498374132507608, "K11065": 0.0017333335394372027, "K00854": 0.00172978682809659, "K25671": 0.0017254113133543557, "K02429": 0.0017128379583923113, "K17326": 0.0016900646731414924, "K08281": 0.0016816143497757846, "K14155": 0.001679207940467607, "K03490": 0.0016783363490939607, "K16146": 0.001672906478457224, "K26172": 0.0016680412990391434, "K03744": 0.0016631621074592986, "K22311": 0.001646302162614336, "K23509": 0.001646245787925816, "K25670": 0.0016422911964985294, "K15532": 0.0016175916433344114, "K12309": 0.0016143944958538906, "K22044": 0.0016122769525411063, "K01949": 0.0016045468490295872, "K01834": 0.001592794231403137, "K01218": 0.0015883094378272757, "K01926": 0.0015875308376691007, "K03685": 0.0015714827032292109, "K22230": 0.001565806804895736, "K01792": 0.0015473001045860255, "K00943": 0.0015397575753485825, "K15921": 0.0015376420738402463, "K05989": 0.0015165689901451452, "K23508": 0.0015073218540148474, "K03534": 0.0015057673418971788, "K02821": 0.0015044263566582569, "K07404": 0.0014799940646071368, "K17244": 0.001470755968567844, "K19265": 0.0014640595782612052, "K05991": 0.0014608134527638878, "K07040": 0.0014599670960126227, "K27043": 0.0014591785892234322, "K06413": 0.001444078218349342, "K24204": 0.0014411710407994333, "K01820": 0.0014361499457780122, "K00763": 0.0014352327309608405, "K01776": 0.0014244362418609697, "K01686": 0.0014150627363732349, "K16044": 0.001390615785644047, "K10234": 0.001382660687593423, "K20265": 0.001358452961803499, "K10120": 0.0013507167965936494, "K02440": 0.0013427413501563427, "K15523": 0.0013259546413016455, "K20525": 0.0013173317847963782, "K05838": 0.0013097934054842387, "K01788": 0.0013074720406288831, "K19285": 0.0013012011915131572, "K10820": 0.0012725730214519452, "K17641": 0.0012705530642750373, "K08191": 0.0012637268389675948, "K01665": 0.0012603589842553253, "K25676": 0.0012447934608205069, "K10233": 0.0012363883733065263, "K01808": 0.0012322282509198961, "K00111": 0.0012215310927881447, "K02341": 0.0012139738138113902, "K03402": 0.0012131887092570793, "K05985": 0.0011972314907303112, "K25672": 0.0011786849709509214, "K06896": 0.0011778815047130543, "K01728": 0.001156109865470852, "K09118": 0.0011344043027732508, "K08138": 0.0011226225452296273, "K03929": 0.0011218957333543125, "K02990": 0.0011210762331838565, "K10231": 0.0011144591320870895, "K19225": 0.0011110990175163627, "K00865": 0.0011090800610944673, "K00848": 0.001095805613923977, "K13570": 0.0010934314754755224, "K03346": 0.001081695747380775, "K07171": 0.0010780299003570976, "K15984": 0.0010762331838565023, "K15719": 0.001065246130993371, "K00995": 0.0010602728320017172, "K08987": 0.0010296032198500694, "K03432": 0.0010150485206539019, "K07705": 0.0010087286441413023,