{"pos_hif": {"K06163": 0.016517109402622607, "K06165": 0.0092566800231417, "K05780": 0.00922137040780273, "K06164": 0.008957130491053795, "K07823": 0.008863739505332426, "K05781": 0.008193087455453817, "K00448": 0.0074511984783274515, "K06166": 0.007263658704889653, "K00449": 0.00714435855469036, "K03381": 0.006440746543215104, "K01032": 0.005756198676552659, "K03464": 0.005593794384354856, "K02575": 0.005582583434066072, "K06162": 0.005460969296242099, "K01031": 0.005458563929809552, "K14727": 0.005217562020940127, "K01039": 0.004845946553639326, "K01857": 0.004645564030752666, "K05550": 0.004557569549175274, "K02624": 0.004496783034864005, "K13932": 0.004243724939501528, "K13930": 0.004024219841639497, "K00374": 0.003923463443158388, "K01856": 0.00392227165805614, "K00372": 0.003861230564607642, "K01040": 0.0037094565595045884, "K10228": 0.0035699798883345973, "K00371": 0.0034977048785778645, "K13933": 0.0034691030027332323, "K18013": 0.003443772219066082, "K07127": 0.0033809197792259386, "K00446": 0.0033593614436925215, "K02113": 0.003349918340992822, "K00481": 0.0033014905546113423, "K00373": 0.0032992525131025005, "K00957": 0.0032867437408073885, "K05549": 0.0032747030499274327, "K10229": 0.0032012279308565234, "K03863": 0.003165238563468652, "K13934": 0.00315225661842702, "K13929": 0.003148256292769118, "K15578": 0.003144968948245364, "K00303": 0.003083647113540651, "K00242": 0.003074043880131963, "K02280": 0.003073561620206054, "K11729": 0.0030665339415353087, "K02133": 0.002993588127850728, "K11475": 0.00298642092688754, "K01029": 0.002946786132626841, "K21062": 0.0029442867479267543, "K00370": 0.0029266925083497896, "K26139": 0.002893341922942167, "K13931": 0.0028923066145250835, "K02043": 0.0026496920767996686, "K00140": 0.00264568086474569, "K11730": 0.0026175514862299357, "K09159": 0.002564056907818593, "K10218": 0.0025533803614130367, "K07183": 0.002535337917119014, "K00299": 0.002532062238089812, "K10227": 0.0025315734955642715, "K13877": 0.0025020078983503773, "K06446": 0.0024007261175402767, "K12658": 0.002385068327437444, "K05783": 0.0023738776564821394, "K07141": 0.0023298319287775133, "K00854": 0.002299208449591052, "K13766": 0.0022990798930262826, "K00255": 0.0022877047636979853, "K00304": 0.0022828476410574378, "K08683": 0.0022815792848801496, "K04091": 0.0022231665034702338, "K00151": 0.0022175225345461265, "K02108": 0.0022137062789717656, "K03190": 0.0021937296974535213, "K14259": 0.002186414415879512, "K02623": 0.002185902047052657, "K01796": 0.002174693281174674, "K22067": 0.002169800324573437, "K15576": 0.002166660225940668, "K00234": 0.002159613361953815, "K07068": 0.0021553442365160403, "K11962": 0.0020873225344580724, "K15577": 0.002074115044247788, "K05921": 0.0020723399420998403, "K04033": 0.0020620328206890624, "K12405": 0.0020576538137378844, "K00362": 0.0020557734999847948, "K21832": 0.0020354777409377508, "K01968": 0.0020325543269150343, "K01644": 0.001996343844779592, "K23463": 0.0019941886800791046, "K02361": 0.001971131141818779, "K23509": 0.0019692808463025123, "K01252": 0.0019632961779531654, "K01969": 0.0019620266099858977, "K07588": 0.0019554786671693984, "K11959": 0.0019534062666945393, "K03896": 0.001938645461236066, "K09461": 0.0019358407079646017, "K23186": 0.0019241625519802177, "K11477": 0.001919399724970701, "K16841": 0.001903638151425762, "K01028": 0.0018967673015526177, "K00302": 0.0018929951389754455, "K18365": 0.0018848897810700518, "K21834": 0.0018733352196778255, "K00038": 0.0018584070796460175, "K01053": 0.0018557559996465226, "K15555": 0.0018510620653706268, "K02282": 0.001837278378295618, "K00305": 0.0018335742488559239, "K10217": 0.0018284800045712, "K00217": 0.0018204804045512009, "K03519": 0.0018180909136361362, "K11963": 0.001816614640746426, "K04098": 0.0018143444292220534, "K00045": 0.0017943240768996031, "K07535": 0.0017886272232891598, "K26138": 0.0017795924875570893, "K14977": 0.0017748279252704031, "K02111": 0.0017654289699308137, "K00529": 0.0017516649940698841, "K23470": 0.0017440236533207982, "K06978": 0.0017428966070160302, "K03518": 0.00173439117319769, "K25623": 0.0017280974268008638, "K16842": 0.0017153065887953087, "K23508": 0.0017119048124332394, "K03862": 0.001705117056285914, "K11960": 0.0017025200844166207, "K05784": 0.0016998605407420261, "K00363": 0.001692241445226511, "K00235": 0.0016866215512753775, "K11178": 0.0016548962173209712, "K02618": 0.0016535663900034813, "K08299": 0.0016391512357155252, "K22296": 0.0016176610524312493, "K05605": 0.001613479932064003, "K02510": 0.0016103941964924458, "K02610": 0.0016086053703357128, "K14393": 0.001605993941022859, "K01692": 0.0016017878515283618, "K00451": 0.0015988360473575237, "K02609": 0.0015965468593137058, "K05774": 0.0015904988332672918, "K00252": 0.0015826287793115415, "K05375": 0.0015765391271146255, "K10022": 0.0015723883409353762, "K12511": 0.0015690704826460803, "K11538": 0.0015672103332264782, "K22443": 0.0015591460544103102, "K02619": 0.0015569559580908632, "K04761": 0.0015523276314318394, "K02554": 0.0015506411537739334, "K01903": 0.0015376606735274096, "K02611": 0.0015368445786537368, "K10023": 0.001534112700464495, "K01640": 0.0015286544720942566, "K22187": 0.00151049185129396, "K16840": 0.0015088759628514737, "K01041": 0.001495489230608178, "K23187": 0.0014932746185657225, "K00253": 0.001485211652945944, "K02168": 0.0014807102782115795, "K13021": 0.001476971921168158, "K03188": 0.0014766004038050085, "K04073": 0.0014726536400452705, "K15735": 0.0014721433739633772, "K01555": 0.0014607637245023892, "K26061": 0.0014438234803021224, "K01799": 0.0014384042702626774, "K19168": 0.0014319672365896267, "K18290": 0.0014138346337121013, "K17323": 0.0014109381298830937, "K14063": 0.001410799025266128, "K03520": 0.0014091030985640802, "K06907": 0.0014067778459261856, "K03577": 0.0014067778459261856, "K17202": 0.0014021502872224808, "K00479": 0.0013975530731660138, "K11177": 0.0013943032751899383, "K19338": 0.0013915483563053817, "K14057": 0.0013907134985828196, "K11961": 0.001388448492884802, "K07246": 0.001388448492884802, "K00761": 0.0013831435779875262, "K03392": 0.0013794617712480073, "K03337": 0.0013752226141606674, "K10680": 0.001372241514506553, "K01487": 0.0013653603034134009, "K01473": 0.0013574958194765422, "K00111": 0.001354696903501553, "K07046": 0.00134946572173466, "K20034": 0.0013394927737889835, "K13483": 0.0013332666699998332, "K01847": 0.0013182789136405248, "K03895": 0.0013155978003568957, "K02041": 0.0013146522866428895, "K17736": 0.0013140252078305175, "K01474": 0.0013098427647424968, "K00216": 0.0013050205332870613, "K07799": 0.0013034919396314752, "K01464": 0.0012933047528949668, "K04748": 0.0012863421431889375, "K02281": 0.001285338783169774, "K11206": 0.0012800411030499525, "K04118": 0.0012658969700521598, "K01966": 0.0012647229871285532, "K02302": 0.0012629951026720508, "K13481": 0.0012555336887058446, "K18455": 0.0012509845711902888, "K01625": 0.0012502686123971947, "K18336": 0.001248202052707282, "K10676": 0.0012440893606061047, "K16124": 0.001241236639466728, "K17325": 0.001231912303242913, "K24012": 0.0012266293160162135, "K21054": 0.001218417340002565, "K02303": 0.0012180036159482347, "K21061": 0.0012159697358643518, "K12513": 0.0012139310729936755, "K02279": 0.0012067578439259854, "K13482": 0.0012041064613435995, "K07788": 0.0011931987670279406, "K01433": 0.001177034744321897, "K22934": 0.0011587559903832882, "K02461": 0.0011569923934921567, "K09970": 0.001152485665760002, "K10543": 0.0011520369927449574, "K01451": 0.0011515086896257596, "K23228": 0.0011504822869517794, "K07130": 0.0011443052008473403, "K02042": 0.001131067706969681, "K00042": 0.0011263073209975864, "K12972": 0.0011254280803098444, "K27080": 0.0011237533361427166, "K10829": 0.0011217748971706343, "K01908": 0.0011143887250081941, "K09908": 0.0011100356440511307, "K17735": 0.0011061946902654867, "K00380": 0.0010998299337046957, "K01785": 0.0010976195376277698, "K23617": 0.0010971780883285308,