{"pos_hif": {"K01193": 0.06952392462723593, "K03484": 0.03206968341642305, "K02810": 0.025016783247071052, "K00847": 0.02311253815931289, "K03332": 0.020145588753600726, "K01804": 0.017103775648065034, "K10120": 0.016831034781854454, "K03077": 0.013455076163673318, "K00853": 0.011912399481454217, "K02794": 0.01155340611405474, "K02796": 0.0111193837906621, "K02795": 0.009730647017104804, "K01820": 0.009611518294133366, "K12308": 0.009497330447237145, "K03534": 0.008838300518830278, "K00848": 0.008623907249622384, "K23147": 0.008192670142627003, "K01209": 0.008026484266673744, "K10561": 0.007685013316837146, "K02100": 0.007550889009954931, "K00849": 0.007371160056275457, "K02103": 0.007210807997693244, "K03336": 0.0071154702391463785, "K03337": 0.006984757309591293, "K10559": 0.0069488191816262646, "K01809": 0.006948479655240896, "K10547": 0.006462173113226977, "K03338": 0.006453744817307102, "K10548": 0.006434154699707367, "K10560": 0.006410388836408003, "K10546": 0.006281041731328122, "K01838": 0.006245057542860645, "K10188": 0.005892634770084831, "K00965": 0.005589873551384599, "K25670": 0.005580118920567159, "K27069": 0.0055015145787836615, "K25089": 0.005459021852464475, "K25672": 0.005343926323382642, "K16211": 0.005147917323182745, "K25087": 0.005103260326838021, "K05989": 0.00507279717099419, "K00854": 0.005032903952618462, "K17234": 0.004992398726244936, "K01805": 0.004970237085093006, "K17236": 0.0048627469833181095, "K10562": 0.004846511560821418, "K01811": 0.004784470839646018, "K16077": 0.004720149592433237, "K10237": 0.004636936079015675, "K25088": 0.004585761603287073, "K10820": 0.0045805767328922775, "K25086": 0.004543894189859908, "K00691": 0.004534140884569311, "K02814": 0.004520004311485209, "K17235": 0.004484528377099008, "K25671": 0.004459969039018775, "K01198": 0.004421691568121132, "K02793": 0.00431224179670026, "K10236": 0.004219530747386438, "K10190": 0.0041713361865394726, "K23508": 0.004101530685399429, "K10189": 0.003995776674576265, "K15772": 0.003914765119162419, "K23509": 0.003897162796781032, "K02532": 0.003834046814469637, "K24995": 0.003829518653293984, "K00008": 0.0038273670123787217, "K17641": 0.00373765547814551, "K02786": 0.003645155694336022, "K01635": 0.0036314802214862736, "K12111": 0.003616555142821781, "K10238": 0.0035456170834277656, "K17320": 0.003504454341796648, "K00917": 0.0034738150519477476, "K06609": 0.0034072876786672883, "K15923": 0.00333395870519162, "K05346": 0.003238767315890632, "K12309": 0.0032358771575562253, "K02429": 0.003231778498735936, "K15771": 0.003211895879718928, "K18910": 0.0031598191379712454, "K17326": 0.0031213365660478537, "K25031": 0.003078087540933188, "K18928": 0.0030686862798310066, "K01819": 0.003065007120782139, "K00350": 0.0029944225317391844, "K12113": 0.002925924832862576, "K01224": 0.002904200263620026, "K02530": 0.0028999286902781076, "K17214": 0.002859273437674506, "K01206": 0.002834579757513265, "K10554": 0.002804170327058272, "K03292": 0.0027290534033308535, "K00347": 0.002708876089809103, "K09704": 0.0026919722097482075, "K10552": 0.0026889482541513185, "K02057": 0.0026651240059251415, "K02788": 0.0026636917845524605, "K10553": 0.002659648746980004, "K00351": 0.002651387034160433, "K00879": 0.002637357151326212, "K03604": 0.0026293499948895475, "K17640": 0.0026151880435298794, "K10227": 0.0026137989032905267, "K15770": 0.0026053186703866005, "K10229": 0.0025902848461002515, "K10545": 0.002586577079491778, "K01818": 0.002575984787089446, "K12448": 0.0025642643042540713, "K09955": 0.002558876911670269, "K24707": 0.0025472483066211232, "K06605": 0.002527536323461461, "K21575": 0.0025067433123215337, "K17213": 0.0025046205239425694, "K05342": 0.002492405486784878, "K02800": 0.0024691151947733277, "K16044": 0.002454768730608151, "K15532": 0.0024525284066267672, "K01220": 0.002448781645054727, "K02798": 0.0024394164426724436, "K00348": 0.0023926037261001783, "K01235": 0.0023744847368121114, "K01208": 0.002365190517044344, "K18479": 0.0023612362355329057, "K00882": 0.0022932652580779905, "K21574": 0.0022876239371843405, "K00690": 0.0022875411643229664, "K08138": 0.0022526102705631825, "K10228": 0.002252099601695869, "K02916": 0.0022491656536853025, "K01060": 0.0022181944193186, "K02856": 0.0022175817068692417, "K25010": 0.002168891065277355, "K02784": 0.002151870937481892, "K18650": 0.002126675163797438, "K07106": 0.002122701551629322, "K00045": 0.002109905947052407, "K02887": 0.0021052229949964406, "K02058": 0.0020827968986925297, "K02564": 0.0020708739985902777, "K00009": 0.002055929929623823, "K01684": 0.002052216150576806, "K06606": 0.002048869684981953, "K02056": 0.002047882008759326, "K10543": 0.002022919046390803, "K02770": 0.0019787918740629008, "K01628": 0.0019477403432840248, "K01186": 0.0019438258608074992, "K00140": 0.001920048937810612, "K10544": 0.0018957947151820342, "K01051": 0.0018843767931203989, "K02761": 0.0018782462262619706, "K14274": 0.0018762696335364747, "K18676": 0.001872697503069996, "K18929": 0.0018558931328173408, "K02804": 0.001849511622342432, "K19424": 0.0018198640406785797, "K01191": 0.0018089241977688431, "K00349": 0.0017987308576698955, "K25677": 0.0017767162754575578, "K01813": 0.0017739565621892142, "K02759": 0.0017298069090402233, "K00065": 0.001726533504914303, "K25678": 0.0017250456521099506, "K15921": 0.0017127407234767181, "K17327": 0.0017073771876462546, "K02760": 0.0017030125856166355, "K00874": 0.0016852579740558632, "K02244": 0.001684200360627782, "K17328": 0.001627341973016327, "K10111": 0.0016218008444343715, "K00883": 0.0016215227740472601, "K05970": 0.001614192372829252, "K08483": 0.0015946498467520336, "K05991": 0.0015906495740685425, "K01181": 0.0015878386287720137, "K01236": 0.0015873360869204096, "K00096": 0.001575557544585379, "K01130": 0.0015595548754399017, "K19419": 0.0015569960179391783, "K01200": 0.0015557486988755048, "K16306": 0.0015537274082370212, "K01629": 0.0015479743123789319, "K15530": 0.0015472518331839718, "K26057": 0.0015445853086752566, "K00346": 0.001537306545660215, "K01192": 0.00150837275632644, "K21000": 0.001501847151849002, "K18287": 0.001491071125527902, "K07046": 0.0014903211072850293, "K24204": 0.00148689752833992, "K02777": 0.0014719431156396193, "K15524": 0.0014695312887527663, "K00925": 0.0014611554674268017, "K16043": 0.001458032608872072, "K01815": 0.001453902404052956, "K02245": 0.0014480367407767878, "K01812": 0.0014396711102882716, "K03483": 0.0014275236528294194, "K18581": 0.0014263652716967042, "K09772": 0.0014193456816407636, "K19427": 0.0014180743221982332, "K01222": 0.0013958504310315593, "K00594": 0.0013896206332625783, "K08323": 0.001389500886835046, "K03590": 0.0013884185304150834, "K01176": 0.0013839028514564052, "K02246": 0.0013814922706665547, "K03491": 0.001359329113713644, "K19776": 0.0013540916842314614, "K01810": 0.0013376337256128202, "K16694": 0.0013173937424926687, "K10234": 0.0013072923463967627, "K25676": 0.001302913407444289, "K03475": 0.0012884201408791573, "K01631": 0.0012625911370735142, "K06201": 0.0012580555853864957, "K01728": 0.0012556607657472209, "K03435": 0.0012554932494844976, "K02768": 0.0012147721445927508, "K17202": 0.0012047920184238786, "K00782": 0.001202159012242526, "K21745": 0.001193806134853474, "K02821": 0.001188044507523502, "K02173": 0.001186662718601667, "K18334": 0.001169854464797111, "K19265": 0.0011574852999517464, "K17317": 0.001156576739382987, "K00064": 0.0011426918411749783, "K13788": 0.0011288869984617908, "K02074": 0.0011167857510103734, "K10218": 0.0011151728618324344, "K00078": 0.0011023801695040363, "K26933": 0.0011005121760819482, "K03782": 0.0010469972882554803, "K10007": 0.0010304611049151277, "K08320": 0.001006394550462072, "K05810": 0.0009714513724359906, "K05952": 0.0009331871201322204}, "neg_hif": {"K01926": 0.006970204399443231, "K02884": 0.006188821163204376, "K02121": 0.005837253406583024, "K04028": 0.005427168114748992, "K02492": 0.0048563493574061475, "K00946": 0.004845449157364165, "K13542": 0.0046893981932208,