{"pos_hif": {"K02082": 0.03135323733465226, "K02794": 0.028577317922661886, "K02796": 0.024795000237197065, "K02747": 0.019690453018553985, "K02746": 0.01890568858665509, "K02745": 0.014299084858569051, "K02795": 0.014189908566109003, "K00917": 0.012587102304240406, "K02744": 0.012432280255972511, "K01625": 0.011648051268793492, "K03077": 0.01122097090698318, "K00874": 0.011133716708164482, "K02814": 0.010383839732251404, "K02081": 0.01003688765095966, "K02774": 0.009648389823695501, "K25678": 0.009478707648424787, "K01815": 0.009019827225439595, "K02775": 0.008808329861383312, "K08302": 0.008677267211289454, "K16371": 0.008326887369063453, "K03491": 0.00789092408360156, "K02773": 0.007642090141203639, "K02564": 0.007481763824350365, "K15772": 0.007470722723905075, "K25676": 0.007266743016062811, "K02793": 0.007206153853633279, "K02822": 0.006898135142727488, "K01812": 0.006853631045032473, "K00849": 0.006835565565628895, "K25089": 0.0066504158260000685, "K02079": 0.006553747226844149, "K02821": 0.006547353327110643, "K00965": 0.006546928593124638, "K12309": 0.006465984977561136, "K01635": 0.006392760553826155, "K09704": 0.0063762468424818745, "K01804": 0.0062454235649828296, "K03475": 0.006116847601446739, "K01443": 0.0058004325597964465, "K00065": 0.005747854463330228, "K01686": 0.005638193372491631, "K10820": 0.005297626287260495, "K02804": 0.005260754782168662, "K00853": 0.005246843210780866, "K17463": 0.005132791168378751, "K25677": 0.005114136220136656, "K02786": 0.005050131124160747, "K03078": 0.005000812769058521, "K01222": 0.004982709604659756, "K10190": 0.0049258004848095815, "K03476": 0.00488903000021485, "K15532": 0.004798448048066343, "K02760": 0.004796106440745289, "K17468": 0.004792964107439982, "K12308": 0.004781873753238106, "25962062": 0.004747745527002321, "K02103": 0.004601035210104206, "K23509": 0.004579399226141834, "K01198": 0.004484670517251152, "K03338": 0.004430898996721635, "K01809": 0.004338633605644727, "32924419": 0.004323889714011323, "K01819": 0.004322692419850077, "K15770": 0.004321775662889641, "K02770": 0.00428636586763846, "K02777": 0.004262369734652771, "K02759": 0.0042205127290084, "K15524": 0.004184287207535161, "K12373": 0.004163273975997451, "K02784": 0.004047479463784861, "K02781": 0.0039831081691350766, "K10188": 0.003953032543618074, "K06201": 0.003912719618217371, "K18581": 0.003826543729137058, "K08483": 0.0038239683523022335, "K07106": 0.00380962098612169, "K01805": 0.0038024400294180546, "K10189": 0.0038011496855067115, "K10119": 0.003763812758607588, "K17320": 0.003763737236318395, "K01206": 0.003739086541157995, "K03337": 0.0037318185798788307, "K00848": 0.0037143864250546734, "K01685": 0.0036948406837542924, "K00691": 0.003682214539766289, "K03534": 0.003671179678646908, "K00041": 0.003669539102452119, "K03483": 0.003634830837493067, "K01838": 0.0035636700575441614, "K02466": 0.00354248295851001, "K02525": 0.003528759257446739, "K15771": 0.003512664078387872, "K15530": 0.0034872303276954598, "K18676": 0.0034665593127886224, "K01209": 0.00342853364858632, "K12111": 0.0034258422395080914, "K12113": 0.0034026369424818817, "K02798": 0.0033803705637331307, "K00854": 0.0033629977352768645, "K02782": 0.003305943670746625, "K02783": 0.0032904043920924746, "K01811": 0.0032864672050165957, "K02768": 0.0032556777944478046, "K03551": 0.0032452534162301936, "K02788": 0.0032127305554572167, "K00882": 0.0031911298409421224, "K01220": 0.0031669646005109205, "K18673": 0.003157240058002937, "K00046": 0.003075896959225739, "K18650": 0.0030690095861150017, "K02530": 0.0030676145817576765, "K02800": 0.00304406557459533, "K02810": 0.002985600782376271, "K23508": 0.0029693472934745643, "K17467": 0.002919743812305891, "K03550": 0.0029158248545014674, "K03336": 0.0028916691518462738, "K00758": 0.00286274417645546, "K00040": 0.002856978683256585, "K16211": 0.0028083065021500962, "K09815": 0.002798694423763753, "K00078": 0.002743729659473276, "K00009": 0.0027401722959446975, "K27069": 0.0027363387929468016, "K01788": 0.0027289369653462903, "K02803": 0.002723471267459136, "K05346": 0.0027201741555287744, "K01191": 0.002627906516869168, "K01051": 0.0026099026796289684, "K06975": 0.002604624369652255, "K24204": 0.0025970855250521266, "K01808": 0.002573683237489175, "K02769": 0.0025731416666794223, "K19648": 0.002564614531336661, "K01224": 0.0025149539159844436, "K13934": 0.002497325885429047, "K01186": 0.0024921481948232235, "K19265": 0.002486717397663486, "K10242": 0.0024812030670075154, "K09816": 0.002481182994281319, "K06606": 0.002476303356115541, "K00068": 0.0024701099542000443, "K03492": 0.0024691027932432345, "K14155": 0.0024667166347588894, "K01208": 0.0024431854082857685, "K17465": 0.002431738320694451, "K02100": 0.002422928078670381, "K10240": 0.002393178121802458, "K16013": 0.0023867505592224877, "K01207": 0.002371715041310106, "K15923": 0.002362930673346916, "K01235": 0.0023414508507515323, "K01684": 0.0023301116273230916, "K00008": 0.0023276324522880807, "K08094": 0.0022900899933802087, "K13931": 0.0022849685161133292, "K08191": 0.0022598151303829636, "K16012": 0.002207578013252766, "K10548": 0.00220353464945811, "K03974": 0.0021831268525189565, "K01226": 0.0021805666687059, "K19505": 0.0021789964016913164, "K01820": 0.0021758607449123253, "K10109": 0.002169907637539105, "K01060": 0.0021639819722711687, "K01639": 0.0021520255356718395, "K10006": 0.002132307134239143, "K24707": 0.0021298257644759787, "K00847": 0.0021185424482000836, "K09817": 0.0021086208086369108, "K03481": 0.0021007151962322145, "K13522": 0.002068087111451416, "K08138": 0.002057885686620404, "K01193": 0.0020544537239648815, "K03970": 0.0020520454800126765, "K16044": 0.0020511507776322826, "K01488": 0.0020465585997742944, "K11441": 0.0020403098606093613, "K08323": 0.0020360947064841195, "K05350": 0.0020197744262505242, "K10108": 0.002008290422031444, "K13930": 0.0020003766141156207, "K13020": 0.001992163016472095, "K01818": 0.001976120559163073, "K01192": 0.00196900845778633, "K00879": 0.0019619898503928997, "K23248": 0.0019558417682755905, "K15921": 0.0019532157763132206, "K17330": 0.0019452350267345486, "K10546": 0.0019289208604421773, "K18926": 0.0019174391886538312, "K19776": 0.0019173399923792462, "K05989": 0.001909906382843644, "K03811": 0.0018788318776143944, "K15523": 0.0018635975439164816, "K03477": 0.00186146875889815, "K03332": 0.0018565369193420803, "K01619": 0.0018302395426177233, "K10007": 0.0018195341958063002, "K18478": 0.001795832203302865, "K06605": 0.0017859432669475356, "K10241": 0.0017699069279768116, "47939279": 0.0017678868552412645, "K13932": 0.0017623830292131499, "K06896": 0.001752488861865284, "K09955": 0.0017510182706303383, "K02791": 0.0017490306353130608, "K25031": 0.0017156670213449687, "K04653": 0.001711433325410031, "K03930": 0.001696312710341462, "K26057": 0.0016790092450155868, "K03490": 0.0016713216068457335, "K21574": 0.0016700276804404335, "K00563": 0.0016295228291830003, "K03299": 0.0016223242603763028, "K03484": 0.001619182360812593, "K01834": 0.001602843381999536, "K11068": 0.0015975147803306544, "K26032": 0.0015901139838632062, "K01665": 0.0015893908163011896, "K07406": 0.0015806988352745424, "K01813": 0.0015797559139301396, "K03648": 0.001569682866199372, "K03486": 0.0015631567429371367, "K00656": 0.0015584784501101033, "K05879": 0.0015560063516665528, "K17641": 0.0015486082313689524, "K06929": 0.001546415625462428, "K02819": 0.0015427584063191385, "K16559": 0.0015326381661374467, "K22450": 0.0015226722968721598, "K26172": 0.0015177904166881267, "K00883": 0.0015065434202553088, "K13933": 0.001491967561361537, "K19230": 0.0014910549600794542, "K01629": 0.001490053890282365, "K03478": 0.0014824415447937647, "K10231": 0.001469918347586003, "K04068": 0.0014596975878598446, "K13935": 0.001449693848327704, "K24995": 0.001431369066537045, "K01816": 0.001426759043715739, "K18887": 0.001423414331725042, "K18888": 0.0014164486106662626, "K00938": 0.001415609400998336, "K10547": 0.0013939275953565864,