{"pos_hif": {"K15772": 0.01743398508365249, "K01812": 0.016219858906792284, "K25089": 0.014283523994638734, "K01804": 0.01316330728095434, "K01811": 0.012624497641097326, "K15771": 0.011272017406159102, "K01805": 0.010466468535986562, "K03534": 0.010398183033543996, "K15770": 0.010255796661738186, "K03077": 0.010046471749133727, "K25088": 0.009438121383701755, "K23509": 0.009426419380389461, "K10820": 0.009398094802924348, "K09704": 0.00918287125781921, "K15532": 0.008991593658000212, "K25676": 0.00864327699524588, "K12111": 0.008580136206102615, "K00853": 0.008414695420075417, "K25678": 0.00840568319968563, "K25087": 0.007929510347844103, "K25086": 0.007905816310619054, "K00848": 0.007748912158777861, "K01206": 0.0074622689028599155, "K18650": 0.0074295124044252365, "K17328": 0.00732956882689503, "K01815": 0.007308155170508271, "K02746": 0.007293924309905446, "K01838": 0.007210336015658982, "K00854": 0.007202953190115752, "K25677": 0.007173974415038776, "K02103": 0.0069473525390745285, "K27069": 0.00693888192592453, "K01685": 0.006890641217231771, "K02745": 0.006690279417552145, "K10546": 0.0066872521417975965, "K01209": 0.006607717351519004, "K23508": 0.0065280025844989395, "K12113": 0.006470605093373742, "K10548": 0.006419853042269443, "K01193": 0.006357123166981065, "K17640": 0.006221909367765649, "K01191": 0.006116929641149568, "K15530": 0.006116823429904923, "K17246": 0.006099234546064469, "K02747": 0.006092933040984989, "K18673": 0.006069651344222258, "K01820": 0.006046310037623502, "K00691": 0.005879191023315191, "K10188": 0.005790980401613619, "K10240": 0.005732257965654977, "K17245": 0.005713299628752122, "K01235": 0.005602638042140985, "K18581": 0.005516200970746425, "K25670": 0.00546266510824481, "K16209": 0.00542003069905388, "K17244": 0.005419319875355643, "K15923": 0.00536352800953516, "K01625": 0.00531102994994244, "K00849": 0.005304248498220303, "K10242": 0.005280684016177246, "K10547": 0.005264174811433904, "K16211": 0.005130189953630976, "K02410": 0.004992446458722119, "K25672": 0.004750660594816439, "K17641": 0.004749368249714476, "K00874": 0.0046988876102800154, "K05989": 0.004691235866430505, "K00965": 0.0046372614675860855, "K01208": 0.004625531311028969, "K09955": 0.00458818530348387, "K25010": 0.004564214974772159, "K25673": 0.004559703619264748, "K15524": 0.004555393586005831, "K18676": 0.0045500975020893305, "K02744": 0.004533119526335266, "K10189": 0.004475987223742069, "K02113": 0.004470260351274162, "K17326": 0.004458250944926553, "K12373": 0.004450095359186268, "K10190": 0.004447042888435043, "K17327": 0.004365792310456342, "K05350": 0.0042644547352101644, "K10241": 0.004257593891771963, "K02082": 0.00425531914893617, "K02408": 0.004248260143324212, "K03484": 0.004232137040308147, "K12309": 0.004224058769513315, "K02388": 0.0042066465891581455, "K02409": 0.004184114423813971, "K10202": 0.00416345733497096, "K02389": 0.004060021441805275, "K23248": 0.004047057366005751, "K00041": 0.004022157566237677, "K02110": 0.003950846109056766, "K02796": 0.003914174878924415, "K25674": 0.0038395904436860067, "K07106": 0.0037193118817592796, "K00065": 0.0037091988130563795, "K02081": 0.0035845171798739397, "K01629": 0.0035471197157700067, "K05970": 0.003542662402642389, "K02795": 0.00352772706367678, "K02414": 0.003523904774785677, "K15921": 0.0035185430338332355, "K01060": 0.003492905036644316, "K01224": 0.0034853634046497256, "K00690": 0.0034686114607848503, "K01813": 0.003439942896947911, "K02777": 0.003435185449969973, "K02810": 0.0033398653829769106, "K01176": 0.003280362316017804, "K01686": 0.0032762082439865086, "K10201": 0.003228305785123967, "K00847": 0.003208247102412638, "K08191": 0.0031436886765807475, "K02794": 0.003142791551882461, "K03410": 0.0031368463186645006, "K18206": 0.0031207856426570765, "K02413": 0.00310463058422129, "K06201": 0.0031001984126984125, "K01181": 0.00306814531437082, "K02100": 0.0030441400304414006, "K01186": 0.0030211480362537764, "K16210": 0.003008097924516519, "K02412": 0.0029965202261852983, "K18889": 0.002958881746760535, "K02357": 0.002909922985967305, "K01808": 0.002867450102897462, "K26172": 0.00286711632607714, "K25671": 0.0028568880432843806, "K16043": 0.002816821164531848, "K02416": 0.0028007052059233067, "K01192": 0.002778362133734034, "K02411": 0.002771013859117526, "K02856": 0.0027576905417814506, "K02111": 0.0027532276336104085, "K01788": 0.0027292874261801727, "K00040": 0.0027239372938516844, "K10559": 0.0027021169247386707, "K18890": 0.0027019761647102615, "K01818": 0.002694201405026033, "K02838": 0.0026872737859709255, "K10560": 0.0026829775848742493, "K00078": 0.0026814831360285904, "K02400": 0.002635589476286788, "K02387": 0.0026099571995938458, "K16371": 0.0025912694153544216, "K02391": 0.0025912380194903404, "K01639": 0.0025843437364071334, "K15531": 0.0025325729465339856, "K18205": 0.0025179332023088415, "K24995": 0.002510074448466635, "K05991": 0.002489296027083541, "K01200": 0.002486187845303867, "K10200": 0.0024801970426439417, "K02397": 0.002464752830819252, "K09817": 0.002424272270623103, "K08138": 0.0023980815347721825, "K02079": 0.002395774237568807, "K08302": 0.0023886582965327594, "K10109": 0.0023214191714481234, "K01681": 0.0023171391055843054, "K01835": 0.0022826863614232333, "K25031": 0.0022739232876056977, "K02760": 0.00226523358883227, "K00700": 0.0022646216146470894, "K21574": 0.002238805970149254, "K02429": 0.002226951056564557, "K02390": 0.002211783158637371, "K24707": 0.002206709374541542, "K03332": 0.002197756329987735, "K06610": 0.0021771971918599486, "K05343": 0.002172004132231405, "K01201": 0.00215479019614798, "K10561": 0.0021498017570352073, "K01227": 0.002142529654491377, "K13891": 0.0021306458080782476, "K01195": 0.0020919421487603307, "K01728": 0.0020805640640351388, "K18197": 0.0020589665131974036, "K18910": 0.0020469455567862314, "K00705": 0.0020464651455264103, "K02525": 0.0020413929504838595, "K03526": 0.002031977296475729, "K02417": 0.0020099572902428247, "K08323": 0.0020073078551601925, "K02759": 0.001958971931530333, "K03337": 0.00195676337700565, "K02396": 0.001956737053728403, "K02395": 0.0018796431661544889, "K08483": 0.0018635355775045352, "K02392": 0.0018576086132383047, "K03338": 0.001831938080760502, "K19334": 0.0018303217070551432, "K10537": 0.0018212797425724765, "K10108": 0.001806105302063322, "K01809": 0.0018052722792704637, "K02420": 0.0018034834282416488, "K23186": 0.0017865616733775294, "K19776": 0.001773794387430751, "K06941": 0.00176659005330334, "K25767": 0.0017473914939777901, "K21000": 0.0017135362310664824, "K10236": 0.0016942613578261397, "K02781": 0.0016796162391614507, "K08257": 0.0016791508886370547, "K03491": 0.001633986928104575, "K08744": 0.0016325562215079397, "K02418": 0.001627488474303077, "K01880": 0.0016069788797061526, "K02405": 0.0015720801188302807, "K00701": 0.0015720801188302807, "K22393": 0.0015576867479488382, "K03647": 0.001557599118001487, "K20525": 0.0015520700890019072, "K02406": 0.0015474435033092143, "K16044": 0.0015386927122464312, "K16212": 0.0015354605398924931, "K26057": 0.0015295889619865927, "K01146": 0.0015281459535318885, "K06175": 0.0015249901613537977, "K13890": 0.0015164975188664855, "K03336": 0.0015076212529101325, "K01051": 0.0014969593014189928, "K06606": 0.0014913316348723047, "K02385": 0.0014903129657228018, "K02399": 0.0014837403132535762, "K17331": 0.0014764209459577516, "K02108": 0.001472950437746769, "K10111": 0.00146881090937035, "K01552": 0.001453859408404863, "K10538": 0.001451464794573299, "K10238": 0.0014348499634889546, "K02398": 0.0014332001962931787, "K03408": 0.0014133173224082315, "K02415": 0.0014095273584857502, "K01876": 0.0014071294559099437, "K10543": 0.0014046473984840704, "K01222": 0.0014012259633610759, "K06896": 0.0013902834633505833, "K07260": 0.0013838170286373246, "K00008": 0.0013767809388550622, "K19226": 0.001371998246440111, "K00239": 0.0013664786392059121, "K10562": 0.0013630754272465503, "K01756": 0.0013561232156273479, "K02422": 0.00135544720344886,