{"pos_hif": {"K03077": 0.01148767569338902, "K03534": 0.010092228757185163, "K01820": 0.008074815373046941, "K00848": 0.00771284374310538, "K10560": 0.006397117433670067, "K01804": 0.00616212181447916, "K01812": 0.005914145929817864, "K17202": 0.005537111771603087, "K00853": 0.0055279234584800835, "K10562": 0.0055086973202985645, "K01815": 0.005442573967929339, "K02197": 0.005328980018283923, "K02520": 0.005014485281914408, "K10561": 0.004971030451780931, "K10820": 0.004633994305937814, "K23508": 0.004520841808128896, "K02916": 0.004376220328163104, "K23509": 0.0043031868532751654, "K10559": 0.004171291288743728, "K00065": 0.004109819627646454, "K02887": 0.004019697368211527, "K00064": 0.003895120928445719, "K18650": 0.0038834011746752837, "K15532": 0.003844953726827696, "K00927": 0.003720107479436413, "K02195": 0.0036479374255076534, "K01805": 0.003582392266441803, "K01684": 0.0034610834565190754, "K23248": 0.0033863669537293824, "K02198": 0.00326646509967429, "K01918": 0.0030743411107558407, "K01686": 0.003066259589029988, "K07046": 0.0029622532589017206, "K02103": 0.0029565413430558416, "K08323": 0.002954639163977127, "K00046": 0.0029401948407241528, "K03629": 0.002936040560983769, "K01685": 0.002900662225736002, "K19776": 0.0028971100957265778, "K02501": 0.0028096280958128817, "K24995": 0.002781433185787774, "K01597": 0.0027312787323910794, "K17203": 0.002711901178321062, "K18983": 0.002707483016210505, "K01807": 0.002664579412793312, "K02914": 0.0026605626285252297, "K26933": 0.002652279373427334, "K18910": 0.00262531017369727, "K01707": 0.0025723771593479357, "K03652": 0.002512525687290029, "K21910": 0.0024983853971922904, "K20525": 0.0024828665957698217, "K00145": 0.0024777047109553313, "K08302": 0.002464623432365368, "K21394": 0.0024607613395303063, "K11068": 0.0024048615398296375, "K00869": 0.002387659156722198, "K06166": 0.0023365613926678314, "K04017": 0.002321027666649787, "K02525": 0.002303625205068798, "K25089": 0.002272968583484406, "K00854": 0.0022674647663415747, "K01057": 0.0022663845410769256, "K06165": 0.0022636319282103167, "K15530": 0.0022595859788351706, "K02194": 0.0022571447805956667, "K02196": 0.0021675871078333116, "K06152": 0.0021501311823892465, "K00619": 0.002147585173003222, "K24707": 0.0021424476627653474, "K00560": 0.0021412307849606555, "K03743": 0.0021412288352969976, "K06163": 0.0021192184554125956, "K25031": 0.002116908147763688, "K06164": 0.0021109397851731587, "K00879": 0.002096704880990338, "K01818": 0.00209268572585817, "K04088": 0.0020873758270148527, "K06891": 0.0020560825126789166, "K08191": 0.0020500334313144184, "K02822": 0.0020396883578196147, "K08322": 0.0020362373055181305, "K09771": 0.002026739049559165, "K15923": 0.0020139610947217386, "K00970": 0.002003695281071274, "K26605": 0.001996541540231326, "K00041": 0.0019900253052600545, "K00880": 0.0019892189854629093, "K18928": 0.0019729330633743852, "K06606": 0.001970296161046984, "K18479": 0.00197017737340318, "K13021": 0.001966623908258681, "K02775": 0.001965997795078862, "K05780": 0.001960649868332539, "K01556": 0.0019419068346803075, "K00457": 0.0019295915430509426, "K27069": 0.0019251948830088046, "K06442": 0.0019222700442928988, "K03536": 0.0019075456637085036, "K14259": 0.0019027509679835069, "K07393": 0.0018746761922940585, "K13918": 0.0018592448767075108, "K01712": 0.0018298887064713337, "K03592": 0.0018269381862889842, "K18478": 0.0018258183287474397, "K18334": 0.001777115158962535, "K25678": 0.0017757486986749022, "K12573": 0.001760643522541396, "K25675": 0.0017330633406783594, "K03535": 0.0017030069158120182, "K03402": 0.0016900950678475665, "K07038": 0.0016771470945770054, "K11441": 0.001675708791304546, "K05781": 0.001659521777523445, "K02821": 0.0016587452386206847, "K02879": 0.0016539615465121895, "K01693": 0.001650252861325526, "K00259": 0.001626688723462917, "K01962": 0.001607377864397585, "K02856": 0.0016067857784642912, "K03337": 0.00160672351996045, "K02431": 0.0015999385809001086, "K00156": 0.0015989755532435728, "K09955": 0.0015988044213850667, "K03292": 0.0015874795984917854, "K23007": 0.0015784432877110244, "K02044": 0.001575547767871165, "K18581": 0.001568212399203632, "K01679": 0.0015597134588699782, "K24017": 0.001540408919614236, "K13877": 0.0015171311139356594, "K12111": 0.0015100958971298515, "K01222": 0.0015025738975229636, "K01173": 0.001495939459330081, "K00677": 0.001481447030403178, "K01813": 0.0014691159337981367, "K05346": 0.001457114252956356, "K16695": 0.0014494098003293061, "K08281": 0.0014449053327243021, "K25676": 0.0014020929981659294, "K03501": 0.0013951004363321937, "K00782": 0.0013828519717809695, "K16937": 0.0013709960683005314, "K03475": 0.0013676117642273116, "K19813": 0.0013314773346244629, "K06167": 0.0013245478828748812, "K06162": 0.0013222159452521078, "K01468": 0.0013089626841749082, "K03338": 0.0013068471771830964, "K18929": 0.0013043469187151869, "K07004": 0.0012915495527202458, "K01629": 0.001279874624526577, "K01811": 0.0012639514966196882, "K15921": 0.0012469294362632021, "K07152": 0.001245637796209702, "K12506": 0.001244222831136147, "K10218": 0.001244073894272304, "K01507": 0.0012414707082745574, "K25010": 0.0012389382603573715, "K04087": 0.0012357908571092302, "K08998": 0.0012326288064105498, "K00042": 0.0012314626658063695, "K06997": 0.0012205068218025432, "K16043": 0.0012168074331660736, "K07447": 0.0012087829199940432, "K01555": 0.0012080277330239109, "K03336": 0.0012033137409172953, "K09888": 0.0011806423627306478, "K01192": 0.0011777803133140893, "K00930": 0.0011690627468871357, "K01438": 0.0011660121901274421, "K22153": 0.0011653810478916115, "K18981": 0.001150601849588879, "K00847": 0.0011441565778276758, "K16052": 0.0011382521000751246, "K25677": 0.0011259850609932032, "K16044": 0.001121294591637984, "K24204": 0.0011120301442882087, "K00883": 0.0011102414219972133, "K01628": 0.001084907457842155, "K02536": 0.0010750564603726226, "K10546": 0.0010168637699523079, "K13875": 0.0009953206107397858, "K01790": 0.0009903062467050922, "K00098": 0.0009856562376022928}, "neg_hif": {"K13570": 0.021016042046276544, "K20814": 0.019885147873558565, "K07442": 0.018842813220011956, "K13527": 0.01748652312414748, "K13571": 0.012803532974060186, "K03433": 0.012662131972925211, "K03432": 0.011479922774440526, "K01520": 0.00863702517994891, "K02363": 0.006446086423096265, "K01252": 0.006172736011445689, "K02361": 0.006125421483295416, "K26110": 0.005627710039182518, "K00216": 0.0056211467945360034, "K00886": 0.005611555603833084, "K04066": 0.005373857225349864, "K01616": 0.0052898293852010544, "K07465": 0.005193852598463256, "K06168": 0.00491500387564777, "K04788": 0.004873719381863745, "K05569": 0.004664088340730394, "K07177": 0.004658624465607483, "K05570": 0.004543744904063875, "K03935": 0.004391754793156048, "K07159": 0.0043193328365679585, "K05567": 0.004245301536891211, "K05571": 0.004100668198671626, "K26732": 0.004045031044059536, "K07228": 0.004002185220923577, "K03942": 0.003984982519578993, "K01772": 0.003966647835756324, "K03655": 0.003919702712325396, "K15526": 0.003868364035373213, "K03936": 0.0037084503585744283, "K08316": 0.0036910875706137204, "K05568": 0.0036061728814711586, "K03713": 0.003451326041708017, "K02074": 0.0033717127205270037, "K02075": 0.003349458589650185, "K05565": 0.00334523356557295, "K27092": 0.003310842836033122, "K03934": 0.0032342514414878992, "K07030": 0.0031088408177021207, "K12140": 0.0031065910211753012, "K27085": 0.003076202092057751, "K27088": 0.0030335092558770303, "K12137": 0.0030182459340761937, "K03772": 0.0029958082008953737, "K06287": 0.0029618877107648036, "K16385": 0.002897816548893678, "K00940": 0.002865475826617991, "K10008": 0.002859638109232631, "K03118": 0.0027869184114152176, "K06217": 0.002776395661259827, "K00962": 0.0027461871634087034, "K03177": 0.002743591129066895, "K00330": 0.0027407284977045516, "K00765": 0.002652076879028587, "K02446": 0.002651197694991756, "K00857": 0.002616206428523144, "K03060": 0.002583369886120677,